Mixture,B cells naive,B cells memory,Plasma cells,T cells CD8,T cells CD4 naive,T cells CD4 memory resting,T cells CD4 memory activated,T cells follicular helper,T cells regulatory (Tregs),T cells gamma delta,NK cells resting,NK cells activated,Monocytes,Macrophages M0,Macrophages M1,Macrophages M2,Dendritic cells resting,Dendritic cells activated,Mast cells resting,Mast cells activated,Eosinophils,Neutrophils,P-value,Correlation,RMSE
TCGA-DX-A3U6-01A-11R-A29R-07,0.116144815178712,0,0.00974412428253412,0.219208135772884,0,0.209454679404578,0.031811864890487,0,0,0,0,0.0109062744555713,0.0693695832004728,0.00794764228709869,0.0871042763237648,0.204464389665951,0,0,0.0338442145379471,0,0,0,0,0.481276919109909,0.877034981616707
TCGA-IW-A3M6-01A-11R-A21T-07,0.0939219087763103,0,0,0.065718983787326,0,0.220808572420849,0,0.00422083808265341,0.0503118582265497,0,0.0345182133112811,0,0.0206660774442041,0.0687345759378841,0.028643817980481,0.405298696675919,0,0,0,0.00715645735654179,0,0,0.18,0.0857002491817536,1.05667348439924
TCGA-DX-A2IZ-01A-11R-A21T-07,0.102730313975852,0,0,0.0630460623067204,0.0800528912863144,0.0892988084809199,0.0548827913131329,0.00776833149141669,0,0.00126420074100844,0.0603043020236311,0,0.0632370566221325,0.180529140825886,0.0126792660053715,0.189784309473267,0,0.0553200507288637,0.0293048272051361,0.00663848853594089,0.00315915898440629,0,0.02,0.221610191372568,0.99062204200442
TCGA-3B-A9I1-01A-11R-A39D-07,0.0384924593194398,0,0,0.0246500329047144,0,0.224131328097003,0.00305662683238923,0.00747464561914018,0.0171265308804356,0,0.0314233998862304,0.00796893879586837,0.0102949824427699,0.22029676441194,0.0297696162795158,0.298013591883364,0,0.0400164047915738,0.0465343673821773,0,0.000750310473438635,0,0,0.504742700343347,0.864891799806983
TCGA-DX-A3UE-01A-11R-A30C-07,0.0583065428879211,0,0,0.0203472356844026,0,0.183855771765886,0.0217432759818556,0.0479680313403162,0,0,0.0535396673957065,0,0.131139766491448,0,0.0163791832838629,0.35352783318528,0.0296255678600813,0.0142636656467573,0.0577528427095826,0,0.0115506157669003,0,0,0.350642990909538,0.937083378862455
TCGA-HS-A5N9-01A-11R-A26T-07,0.0309717204467937,0,0.000909555530461931,0.0390322540419044,0,0.162774936412103,0.0332244884513695,0.0124769887935262,0,0,0.0504271525456413,0,0,0.402653549749932,0.0438390661611293,0.18525984190148,0,0,0.0301275055386291,0,0.00830294042703009,0,0,0.523018191077019,0.852320161714255
TCGA-DX-A6BF-01A-11R-A30C-07,0.00278106832541052,0,0,0.0415941486739232,0,0.185900288818447,0,0.00170681240240935,0.0141681746186965,0,0.0114844396646383,0.0444655743980976,0.118157368674993,0,0.0377862881459198,0.519558488453755,0,0.00952307998292408,0.0128742678407853,0,0,0,0,0.606825614165783,0.806663560577476
TCGA-K1-A6RT-01A-32R-A33J-07,0.213344423012199,0.0443501610263301,0,0.116784332460032,0,0.225880973768078,0,0.013955985299415,0.0438427009977932,0,0.00813525728054971,0.0133250621360966,0.0611833700890525,0.0476451230270111,0.0577298053036963,0.12896822489522,0,0,0.024854580704526,0,0,0,0,0.793441643633912,0.697961829715922
TCGA-DX-A48U-01A-11R-A30C-07,0.074929123754458,0,0,0.0392045666110353,0,0.303979052793155,0,0,0,0,0.0145303181599095,0.0157197070422555,0.0337587301273065,0.0137032022530312,0.0196035937326595,0.286625382081761,0,0.00202185052993841,0.19592447291449,0,0,0,0.01,0.308249674076121,0.955724268316346
TCGA-HB-A5W3-01A-11R-A29R-07,0.0562256365831475,0,0.000146648741907603,0.0278152885673496,0,0.291784510100836,0.00118984542346716,0,0,0,0.0259264758498793,0.00453183531367296,0.0471193287525346,0.0328276134268054,0.0361473473652677,0.31280699527422,0.00341173060552595,0.00206429326216175,0.158002450733224,0,0,0,0,0.520752751025275,0.862064931186975
TCGA-3B-A9HS-01A-11R-A39D-07,0.0792767772191335,0,0,0.196107263938153,0,0.205593239052706,0.000455189278619034,0.0371945024213756,0.0323695535833359,0,0,0.0170247561385433,0.050107511794159,0.0458526691792521,0.0517665951778455,0.276408720283573,0,0.00784322193330433,0,0,0,0,0,0.775091694849101,0.711657278043287
TCGA-DX-A8BG-01A-12R-A41I-07,0.0510399989196483,0,0.00703782322440866,0.222542146824222,0,0.154126296362833,0.00968815456430212,0.0328383183809027,0.0440835920489422,0,0.0219489305217495,0,0.0787200313462425,0.0376674204113477,0.130493317703327,0.202553038213899,0,0,0.00726093147817417,0,0,0,0,0.562841277135007,0.832655488722216
TCGA-K1-A3PO-01A-11R-A21T-07,0.147258484090969,0,0.011643187666929,0.0514744500441449,0,0.31605866055063,0,0,0,0,0.025928177264394,0.0551275407000496,0.0372274376478019,0,0.0115324252474028,0.230611172503343,9.8750770180521e-05,0.00241869516074546,0.11062101835341,0,0,0,0,0.610461715605787,0.814678489788278
TCGA-MO-A47R-01A-11R-A24X-07,0.0701470942888215,0,0,0.0328476799902065,0,0.193106118688419,0,0.00451022009421523,0.0196154584526133,0,0.143332911305242,0,0.0416314559324538,0,0.03396122669568,0.412234997470411,0.00079635016922658,0.00833602018580415,0.0394804667269067,0,0,0,0.02,0.229179137390049,0.992034431912791
TCGA-DX-AB3A-01A-11R-A41I-07,0.0951265140558396,0,0,0.0499241954946825,0,0.178028492401202,0.0015717429461208,0.01485585743508,0.00717873336890462,0,0.0733605970423371,0,0.0749496418212505,0,0.0379345995863509,0.434093303162709,0,0.00839886814118598,0.024577454544337,0,0,0,0,0.442166382144253,0.896451993464334
TCGA-3R-A8YX-01A-11R-A37L-07,0.0299513055498631,0,0.000221546993982855,0.0540157744191723,0,0.214898138760648,0.00214134213664281,0.0105843407974451,0.0178223337128297,0,0.0428647603066965,0,0.0237814911470335,0,0.0336733493804515,0.538241292771382,0,0.0182866741992682,0.0121364849839899,0,0,0.00138116484059476,0,0.591491434075965,0.816341901426874
TCGA-PT-A8TR-01A-11R-A37L-07,0.123152130895955,0,0,0.00518222650242308,0,0.141131504712162,0,0.0216022310052378,0.0155691417990763,0,0.101639189929722,0,0.0854794401267128,0,0.0178371348361343,0.414258890204115,0,0.0317547974566617,0,0.0376020169186317,0.00479129561316867,0,0.14,0.112273319633707,1.03859294242561
TCGA-3B-A9HI-01A-11R-A38C-07,0.0871372747451836,0,0,0.0710804856512445,0,0.120638345249094,0.0209458526272037,0.0167155677366414,0.0205754742356073,0,0.0476867378687028,0,0.0272254808474568,0.131468664212124,0.0598419863219406,0.331767318150468,0,0,0.0645605141931545,0,0,0.000356298161179513,0,0.808666186446833,0.707859286134459
TCGA-DX-A8BO-01A-11R-A41I-07,0.0184232489472879,0.0080263462375743,0,0.0408109235788108,0,0.15848274110421,0.00985363882559656,0.0213770505753639,0.0318937138144223,0,0.0238425705386345,0.00454617083112915,0.0138045485662874,0.0331058961731738,0.0360893137538953,0.459145787757385,0,0.0620762370066042,0.0762444127913694,0,0,0.00227739949825624,0,0.40738631055695,0.912936036568168
TCGA-3B-A9I0-01A-11R-A39D-07,0.0232211499684716,0,0.000324375949393862,0.087995082872373,0,0.238544716576803,0,0.0123502086059208,0.0212026127630274,0,0.00487922468332121,0.0228140672069008,0.0748793442460456,0,0.0421400452395021,0.334847641952883,0,0,0.136801529935358,0,0,0,0,0.753311288833894,0.742317589834972
TCGA-DX-A1KW-01A-22R-A24X-07,0.0357170124144546,0,0,0.0294293348174341,0,0.128249926259286,0,0.000493948523254803,0,0,0.0292411243430358,0.0149650378979222,0.128617258374648,0,0.0175828935072689,0.576635508740566,0,0.0100732549420044,0.0288900165781405,0,3.26763840454866e-05,7.20072179391875e-05,0,0.393776869148029,0.923013742610571
TCGA-DX-A3U8-01A-11R-A29R-07,0.0387581604679723,0,0,0.0485209216736867,0,0.192842723235653,0.00487848078531336,0.00419091984725212,0.0222918544145004,0,0.0304425146118907,0,0.109549797353059,0,0.0449372038229475,0.469315847063241,0,0,0.0304957734850571,0,0,0.00377580323942665,0,0.473103518594502,0.881155569639308
TCGA-WK-A8XY-01A-11R-A37L-07,0.14982676827663,0,0.00498361349948788,0.0237715690261671,0,0.250180236267439,0.00479435194920298,0.00175720068265942,0,0,0.115826692045869,0,0.09745151566108,0,0.00802753998325542,0.289214109267388,0,0.00764687419884594,0.0401845710052614,0,0.000702187074963712,0.00563277106174965,0.02,0.236215962461582,0.985794101976912
TCGA-FX-A3NJ-01A-11R-A21T-07,0.122062227641564,0,0.00345237121765757,0.0351677276775028,0,0.224581745005846,0,0,0.00578594933840745,0,0,0.0356448629529096,0.082099353697944,0.00850520908488297,0.0365126643321811,0.176557473639809,0,0,0.269630415411295,0,0,0,0,0.472783012272937,0.883321247351829
TCGA-SI-A71Q-01A-12R-A33J-07,0.157936506258611,0,0,0,0,0.235467481282055,0,0.0129882543051464,0.0181335325542486,0,0,0.0425269498206661,0.0221403968074056,0.20466928497779,0.0160693056036638,0.225976350528139,0,0.0190736135662062,0.0450183242960681,0,0,0,0,0.37326871858796,0.928746984199234
TCGA-DX-A7EM-01A-11R-A36F-07,0.0903328364832193,0,0.00769678738191845,0.0499065578452636,0,0.334866476035379,0,0.00266799540532097,0.0065966967281014,0,0.00956802354177112,0.0190030920057473,0.0814652901994183,0.015185417275557,0.0469062109872501,0.210739225608975,0,0,0.125065390502078,0,0,0,0,0.62611246439745,0.811098543366832
TCGA-MB-A8JK-01A-11R-A36F-07,0.0391652197752397,0,0,0.0812915510872401,0,0.160307965464007,0,0.0170717172781112,0.0395504848668378,0,0.00525184087608518,0.0398899299080816,0.0151739280966181,0.102808487373208,0.0478765599533801,0.222433771332046,0,0,0.229178543989144,0,0,0,0,0.579289765678833,0.832290931383456
TCGA-FX-A76Y-01A-11R-A355-07,0.0494124282232858,0,0,0.0479684909316225,0,0.233931930247918,0,0.0228976495966414,0.0208920782242152,0,0.0277505840074817,0.0408050146138069,0.026502667227629,0.066867432873713,0.0291659438949278,0.224043297288431,0,0.00685675322738994,0.202905729642938,0,0,0,0,0.591357737566909,0.827816108945525
TCGA-PC-A5DP-01A-11R-A26T-07,0.213294197684604,0,0.00926056396921188,0.0620766431643331,0,0.319133991365223,0.030055406297437,0.00725018467973544,0,0,0.040996530546926,0,0.0303139183034523,0.0981116726209458,0.015826926984597,0.128789402878383,0,0.0015781548998279,0.0419367175725578,0.000373980656545372,0.00100170837622038,0,0,0.443118134192258,0.895844561270307
TCGA-DX-AB2Z-01A-11R-A38C-07,0.00669054177141498,0,0,0.323041600636252,0,0.125118018502133,0.0297746994508758,0.0228910253476165,0.0140470206153695,0,0,0.0520985006111948,0.023671513921,0.127921982106214,0.0485652195149079,0.221996338891425,0,0,0.00418353863159658,0,0,0,0,0.799385531696698,0.678460097804977
TCGA-LI-A9QH-01A-11R-A37L-07,0.0599206836813756,0,0,0.0145291779887903,0,0.127989189241852,0,0.0190958486546134,0.00992412009853504,0,0,0.031636754115966,0.0367467919741161,0,0.0181770043679091,0.500221502944748,0,0.0208998097831377,0.160859117148957,0,0,0,0,0.484638555887335,0.875867386158573
TCGA-DX-A6BB-01A-12R-A32Q-07,0.0815135156647801,0.0149184963269251,0,0.0256958069484138,0,0.237534519681892,0,0,0,0,0.0485053711680695,0,0.0558319418665241,0.0200609784408746,0.0439862112268932,0.312815632954783,0,0.00185875361205461,0.15727877210879,0,0,0,0.01,0.287107659793472,0.962717538288235
TCGA-DX-A2J4-01A-32R-A21T-07,0.0867504515254432,0,0,0.0306380913295518,0,0.145103157069734,0,0,0.000992608727803893,0,0.00388557561509443,0.00281678890417524,0.0146540502693329,0.000631145267209115,0.0238304184843351,0.217257667177583,0,0,0.473440045629737,0,0,0,0,0.699020535759059,0.740623320940502
TCGA-QC-A7B5-01A-11R-A33J-07,0,0.0275038001225953,0.00683590178424275,0.03757568609642,0,0.190665352029133,0.00506599090245412,0.00702773876885465,0.0396351069438378,0,0.0173961015575385,0.0447348136362395,0.0449838301023848,0.253136281904831,0.025569897876827,0.233376688205725,0,0,0.0664928100689166,0,0,0,0,0.607598927964141,0.810911977217217
TCGA-X6-A8C6-01A-11R-A36F-07,0.0298033074807189,0,0,0.0603884480683008,0,0.144067009786385,0,0,0,0,0.0466017795575359,0.00258722776864779,0.0503914839334045,0,0.0440093344996753,0.54493951768581,0,0.000960544338275481,0.0762513468812466,0,0,0,0,0.648003452333875,0.785675342127683
TCGA-DX-AB36-01A-11R-A41I-07,0.048579303963681,0,0,0,0,0.199516128938503,0.00286596167479955,0,0,0,0.046047017789509,0,0.0125695580824762,0.1828754136733,0.021640576531261,0.460257303917843,0,0.00879708476660258,0.0168516506620242,0,0,0,0,0.4462354016519,0.89550281356588
TCGA-DX-A6YQ-01A-12R-A33J-07,0.00918771194722733,0,0,0.107348560177661,0,0.256451898705757,0.0073457979172285,0.00491339401744414,0.0024077191551767,0,0.0419596019375338,0.0169930827475432,0.0495489002995419,0.0136000649067519,0.108908137459742,0.343987227591297,0,0.0090537021526094,0.026912152894814,0,0,0.00138204808967175,0,0.631027334981816,0.796928176272831
TCGA-QQ-A8VB-01A-11R-A37L-07,0.196999775014983,0,0.000401603453197297,0,0,0.168679299502526,0,0.0340747858476066,0,0,0.0521411080033,0,0.0404489333487673,0.0291183013001412,0.0302436165766316,0.22323073481489,0,0,0.224661842137957,0,0,0,0.01,0.286814926705929,0.964036702041728
TCGA-Z4-A9VC-01A-11R-A37L-07,0.188096378126321,0,0.0087503705166662,0.00988996071908144,0,0.180521405204153,0.00279364695858234,0.00700241900267642,0.000567280732883409,0,0.0825539586061568,0,0.0307174206570715,0,0.0141414777576483,0.431567057331005,0,0.00028118023366155,0.0431174441540925,0,0,0,0,0.517742227612671,0.859755824432008
TCGA-PC-A5DO-01A-11R-A26T-07,0.0789007594094044,0,0,0.0601099332186692,0,0.185551951627883,0.0200152426912844,0.00740901936286675,0.0775038829613622,0,0.0668096366455003,0,0.0499610527987707,0.0869350008789287,0.0133781241294427,0.327599203670836,0.00370856920930544,0.00880118669408508,0.0133164367016621,0,0,0,0,0.578464007650206,0.83021490988105
TCGA-X6-A7WC-01A-12R-A355-07,0.00955420354976791,0,0,0.130139616400795,0,0.108937312837259,0.0886044594753163,0.022005535398608,0.0257506272490971,0,0.0138203592045237,0.063559074366004,0.00899932234877836,0.118809707229255,0.0388887096575619,0.345233223137562,0,0,0,0.0256978491454717,0,0,0,0.582157602590992,0.823489741094196
TCGA-DX-A7ES-01A-31R-A39D-07,0.156371996490296,0,0.0676525104916359,0.0760953604127735,0,0.177882818961244,0.0195517993869454,0.00568892279946425,0,0,0,0.030021238789589,0.0477002200076132,0,0.0322447374012902,0.334114336154019,0,0,0.0472287471239461,0,0,0.00544731198118362,0,0.407594513020523,0.912433083454298
TCGA-K1-A42X-01A-11R-A24X-07,0.089648960953395,0,0.00295061321846142,0.0388882459969999,0,0.263722917762851,0,0.0175373378200265,0.00589656941515408,0,0.0141719321365481,0.0172558488964276,0.0535639376162904,0,0.00234943892789413,0.217611021440061,0,0.0152941295756027,0.261109046240288,0,0,0,0.04,0.203737348147466,1.0000625330131
TCGA-DX-A6YZ-01A-12R-A355-07,0.0584013820215437,0,0,0.0338644418807631,0,0.172882505681558,0,0.00426727613426147,0.00218134349857607,0,0.0157907273227673,0.016775886016457,0.0644283986407846,0,0.0187364683341018,0.400214193138383,0,0.0414075381498744,0.17104983918093,0,0,0,0,0.602958821435969,0.822003938745674
TCGA-DX-A8BV-01A-11R-A37L-07,0.0417850894782643,0,0,0.0106562476801312,0.0301031558609937,0.114030822997176,0.00383935784316222,0,0,0,0.0531030653979968,0.0049310149767152,0.0604252436603021,0.0684286026648301,0.0209712443136122,0.482153132331113,0,0.0210873652978795,0.0884856574978233,0,0,0,0,0.667497434173204,0.777344997334022
TCGA-QQ-A5V9-01A-11R-A32Q-07,0.0534419542797433,0,0.00880553224539548,0.0866133985833698,0,0.135267003867213,0.00801687601969751,0.0023399113486166,0.018122439995553,0,0.0216497016939767,0.016323315609991,0.0229639784852886,0.0899999978974375,0.00926427647115958,0.497775079590694,0,0.00288061729008354,0.0265359166217805,0,0,0,0,0.684175989230717,0.762388584204493
TCGA-DX-AB35-01A-21R-A41I-07,0.0575453671480051,0,0.0020627273461133,0.0390974979256002,0,0.178039235682401,0,0.0106140698908689,0.011406834454809,0,0,0.0783903790019209,0.033942837469361,0.00479123197767822,0.0416334528966712,0.506974899406756,0,0,0,0.03209304196219,0,0.00340842483762557,0,0.601246310462304,0.811141109792224
TCGA-DX-A6B8-01A-11R-A30C-07,0.0134386600576153,0,0,0,0,0.32366413979133,0,0,0,0,0.0510254257509013,0,0.00584731739577068,0.240647610189026,0,0.317112788378801,0,0.0179191199777133,0.0303449384588427,0,0,0,0,0.513504537890971,0.858965703952409
TCGA-FX-A3RE-01A-11R-A22K-07,0.103126338762862,0,0.00344817485525383,0.0176093065427399,0,0.114340903062112,0,0.0445972345411331,0,0,0.00875950880323942,0.00822222068522208,0.0296719543805113,0.217870612997501,0.0214170612804125,0.405096104233735,0,0,0,0.0249086350845338,0.000931944770744682,0,0,0.553277416109156,0.835647722209254
TCGA-SG-A6Z7-01A-12R-A32Q-07,0.0791159636115903,0,0,0,0,0.277748365421527,0,0,0,0,0.00739779302301901,0.0281790146673038,0.0302609567227544,0.291471250385905,2.28196649388245e-05,0.210516316417665,0,0.0166861010323332,0.0586014190529631,0,0,0,0,0.479853869746991,0.877621549206638
TCGA-X6-A8C7-01A-11R-A36F-07,0.0156320105458585,0.0182370446280621,0.000851466038943804,0.014460393008782,0,0.187261765475998,0,0.026690185938623,0.00810516733255662,0,0.00452033699624695,0.0487526172567733,0,0.264615765787122,0.00061892771102913,0.149188276829269,0,0,0.261066042450736,0,0,0,0,0.347359943438178,0.943546282295732
TCGA-DX-A8BP-01A-11R-A37L-07,0.0156563673323502,0,0,0.2218944902342,0,0.201570320644892,0.0633139721118641,0.0152293618414167,0.00487752940858709,0,0.026681135211593,0,0.0305607229779716,0.0414679392351355,0.0759351045940913,0.2941629734574,0.00318052743095528,0,0,0.00077149257718623,0,0.00469806294235616,0,0.676796739083718,0.769084482339961
TCGA-3B-A9HY-01A-11R-A39D-07,0.0711388228236431,0,0,0,0,0.222099946987612,0.0285945951330034,0.0240833467165777,0.0103313201751379,0,0.0381714145537736,0.000481325356313154,0.00999323308218688,0.116284028395511,0.0944283535657357,0.294081640354365,0,0,0.0900437320823493,0,0,0.000268240773791586,0,0.609312565643052,0.817259963529221
TCGA-DX-A23Z-01A-11R-A27Q-07,0.147697560168783,0,0.00439130291122612,0.0310407398452494,0,0.170443081355724,0.0167878756072123,0,0.0477265140438061,0,0.029039911326368,0,0.0719442702155018,0,0.033950549147132,0.331202929517351,0,0,0.113466964552014,0,0,0.00230830130963221,0,0.540281492569458,0.854148582146427
TCGA-JV-A5VE-01A-11R-A29R-07,0.115629644219088,0,0.00900856992704177,0.11921804270178,0,0.218627212995756,0.021279550384965,0.0573880844243934,0.0340948060240365,0,0,0.0142858006231288,0.00960502285731382,0.0259554582730872,0.0800596700886699,0.273408292984825,0.00263313450995155,0,0.018806709985963,0,0,0,0.02,0.238315129551928,0.989662339426059
TCGA-IE-A4EI-01A-11R-A24X-07,0.0707791655127777,0,0,0,0,0.173530805285861,0.0032293410222435,0,0.0112231690131649,0,0.0580342210703697,0,0.0125920531636816,0.210703517695548,0.00714627685026667,0.406315903515175,0,0.00826824352052564,0.0381773033503864,0,0,0,0,0.473117726012881,0.880825243772076
TCGA-DX-A3LS-01A-11R-A21T-07,0.0784928077087195,0,0,0.0576799701379217,0,0.344430652646946,0.0162009506355971,0,0.010869078911653,0,0.0449612809384352,0,0.0361306026018301,0.0493058494037454,0.0389996873034485,0.318940394292742,0,0,0.00398872541896124,0,0,0,0,0.540469738820672,0.847301667451355
TCGA-DX-A8BM-01A-11R-A41I-07,0.0744110108415961,0,0,0,0,0.163943546288234,0,0.00599576738773732,0,0,0.0180231473287576,0,0.0816826039236445,0,0.0671780072768122,0.524562880259746,0,0.0141265629841373,0,0.046580323246687,0,0.00349615046264776,0,0.495122214237307,0.868779054774357
TCGA-DX-AB2W-01A-11R-A39D-07,0.0700891721112668,0,0.00557210338689482,0.0469829739205761,0,0.125091419871169,0,0,0,0,0.0066080165238848,0.00912282885506427,0.045522820338228,0.111312353611536,0.0107633421262275,0.523426530054838,0,0.0102483613734053,0.0110156569087134,0.0242444209181967,0,0,0,0.671750714385151,0.763866789872401
TCGA-HS-A5N7-01A-21R-A26T-07,0.0704303041310001,0,0.00354894250337615,0.0483974053738249,0,0.263333070451828,0.00693609864141992,0,0,0,0.0488857220474933,0,0.0750159472394332,0.0493499895394656,0.00807427679915568,0.379768068517558,0,0.0342480596400618,0.010350255530762,0.00166185958462122,0,0,0,0.554768567571644,0.841902862409834
TCGA-WK-A8Y0-01A-11R-A41I-07,0.0227118929653102,0,0,0.141085410330005,0,0.200514457182206,0.0273858818511426,0.0374504878946076,0.0236682609718339,0,0.00804366712497311,0.0353861329885083,0.0418898552294779,0.0146228948777808,0.0579085434339161,0.38590118050261,0,0,0,0.00343133464762863,0,0,0,0.738823711321391,0.733576511707542
TCGA-LI-A67I-01A-31R-A30C-07,0.0284959443186128,0,0.00423873286566395,0.00933132649136233,0,0.180368107797191,0.0819099535565054,0,0,0,0.052095638469803,0,0.000910188170388539,0.180973994711824,0.0187941637075771,0.41715214621618,0,0,0.025729803694891,0,0,0,0,0.709030516876794,0.748283055793907
TCGA-QC-AA9N-01A-11R-A39D-07,0.0230349736155926,0,0,0.0131908745224895,0,0.175264236472381,0.0383103106838889,0,0,0,0.0462544466999745,0,0.0679980154832459,0.304255131222895,0.0104875227920338,0.309226951599505,0.00129268942962987,0.00316275524185623,0.0050569841990928,0.000735088551839951,0.00173001948557461,0,0,0.637902996998353,0.783690834912511
TCGA-DX-A6YR-01A-33R-A355-07,0.0132529565249327,0.00181597866502304,0,0.0389131869865797,0,0.178562084881027,0,0,0.00281830848310695,0,0.019086668920195,0.0351098375414917,0.104224665947711,0,0.0308138879886692,0.460430168546741,0,0.0223966389573923,0.0925756165571302,0,0,0,0,0.673640888710982,0.777933812440601
TCGA-HB-A43Z-01A-11R-A24X-07,0.0443451262887446,0,0,0,0,0.203471604910985,0.00885680494451865,0,0,0,0.0523828367083821,0,0.0613289367558744,0.0752399012266875,0.0342907850888888,0.362444832981839,0,0,0.15763917109408,0,0,0,0.02,0.247445943670967,0.981625333460808
TCGA-DX-A6YX-01A-11R-A41I-07,0.00873780647966241,0.0031945909865571,0,0.0146264319691639,0,0.223216745415314,0.011167628990776,0,0,0,0.0416904926155182,0,0.0371772933717835,0.165041941095681,0.00657289316322831,0.456696140233403,0,0.0305706427580154,0.00130739292089797,0,0,0,0,0.721423445495018,0.732082662511814
TCGA-DX-A3LU-01A-11R-A21T-07,0.069117696113849,0,0.00854752749431144,0.118676468294503,0,0.124872729127196,0,0.0336646787202395,0.0781660997581322,0.0192622588248814,0,0.0291254770343312,0.0699313926315092,0.0460221724301092,0.0888117332443748,0.295248821471217,0,0,0.0185529448553465,0,0,0,0.08,0.14157324772778,1.02839673739936
TCGA-DX-AB3C-01A-11R-A41I-07,0.15774481592149,0,0,0.0339427071095103,0,0.277336935476558,0,0.0182667452360207,0.0568266019813721,0,0.105221833875158,0,0.0306265320060193,0.0439590406802216,0.0112788415393683,0.197071019661559,0.00146271431752316,0.00402263991085102,0.0413570807335594,0,0.0208824915507905,0,0.16,0.105830285916621,1.04317786333007
TCGA-DX-A1KU-01A-32R-A24X-07,0.0536689929516956,0,0,0.0245106299463614,0,0.274821084932005,0.0258435975310434,0,0,0,0.0635045199320662,0,0.0427178682911478,0.0277356311456132,0.0684807611217426,0.404398661805922,0,0,0.0129747122890384,0,0,0.00134354005336403,0,0.537492762510881,0.849584327252355
TCGA-DX-A3U5-01A-11R-A22K-07,0.0308524601528659,0,0,0.0248097886354207,0,0.13017704448536,0,0,0.007104847551724,0,0.0374493608871045,0.000388086624162844,0.122627707643374,0,0.0148476269852333,0.599249412765188,0,0,0.0299532463374402,0,0,0.00254041793212687,0,0.658005177745742,0.7712001894868
TCGA-DX-A7EN-01A-11R-A39D-07,0.0451922189812462,0.000663404315177362,0.000263981182317269,0.0309409944818023,0,0.176703980000288,0.0178973004581532,0.000937662578571485,0.0354038537564629,0,0.0546683617125014,0.0041804629736731,0.0549662527316435,0,0.0268803238248343,0.356787876492508,0.0218723676251278,0.025732106524361,0.137275107201049,0,0.00583883616784586,0.00379490899243643,0.01,0.262020723559078,0.972692034571676
TCGA-DX-A48O-01A-11R-A30C-07,0.0982339370014718,0,0.00415880185408946,0.109361610921628,0,0.234616248630775,0,0.00963930214297645,0.00802679042156029,0,0.0110919602841562,0.0119476507353925,0.0405153128789546,0,0.0513558929405393,0.180422978690878,0.0134700984286146,0,0.227159415068964,0,0,0,0,0.506557107454118,0.867424349044603
TCGA-DX-A7EL-01A-12R-A36F-07,0.0888685746876558,0,0.00526650824642556,0.157207186271434,0,0.298730552088643,0,0,0,0,0.0194116477400625,0.0124533762587061,0.0430479016453658,0.028174669324982,0.0583512035592245,0.155471072273207,0.00178390595904434,0,0.126524856563037,0.00470854538221263,0,0,0,0.469824623296903,0.883076944459807
TCGA-DX-A6BG-01A-11R-A30C-07,0.128529241026726,0,0.00947545193747795,0.107208474411857,0,0.218909471678842,0.0245138444394435,0.0126455053816613,0.0215004692206649,0,0.0354600027210475,0,0.0361865709248459,0.0884539026046797,0.0611668096347589,0.247376393218076,0,0,0.00857386279992019,0,0,0,0,0.654450578003644,0.791037216595244
TCGA-MB-A5Y8-01A-11R-A29R-07,0.00182283855363529,0.0109018063319086,0.000544886036355044,0.0144813838524969,0,0.147748796129505,0.0164652194443041,0.00295547292250413,0,0,0.021755746790683,0.0100019379587848,0.00680924524591534,0.318218811250666,0.0116535210901611,0.369337393811894,0.0048105770292621,0.000571995697853964,0.0619203678540707,0,0,0,0,0.70122751935407,0.73651342320221
TCGA-IE-A3OV-01A-11R-A22K-07,0.132427655458477,0,0.0137863185844765,0.0422508542448058,0,0.276608377516286,0.017679090132317,0,0.0256593408773781,0,0.0463276790875675,0,0.0655943685349747,0.0741936200023697,0.069411297305449,0.224621001171278,0.00530775548898328,0,0.00613264159563661,0,0,0,0,0.615318206092145,0.813131339289043
TCGA-3B-A9HQ-01A-11R-A38C-07,0.050564136504684,0,0,0.0409190664450072,0,0.334956986852533,0,0,0.00604892358097575,0,0.000272639912273242,0.0141649839764055,0.074837898186717,0.0222259951780274,0.0362355927302917,0.20720248098423,0.0019044376554926,0.00425803054773725,0.206408827445626,0,0,0,0,0.72198255977263,0.760768414051363
TCGA-DX-A1L2-01A-22R-A24X-07,0.0355777461996351,0,0,0.0114488837909431,0,0.134946899544332,0,0,0.0122050366067734,0,0.0314183323061614,0.00816927184256195,0.0708070327892868,0,0.0624465527121469,0.570714157262433,0,0,0.0584830907545433,0,0.0037829961911827,0,0,0.598708204247404,0.810688477368116
TCGA-KF-A41W-01A-11R-A24X-07,0.135876257946962,0,0.0154381274127972,0.0351508182060947,0,0.264538219322216,0.0174468016318564,0,0,0,0.0455057700418213,0,0.0296386221862357,0.125737627863557,0.0410142610890097,0.248499231157257,0.000177422655281548,0,0.0379535843560592,0,0,0.00302325613085252,0,0.556479274955791,0.843364788984041
TCGA-IF-A4AJ-01A-11R-A24X-07,0.046948937053232,0,0,0.15601402979097,0,0.281076052694074,0.00453007790760777,0.00957520089446463,0.00515141994009588,0,0.0339237993156777,0,0.0943991580583233,0,0.0720173139886455,0.282934790701795,0.00163109014781385,0,0.0111638617619513,0,0.000634267745348217,0,0,0.543262211055451,0.844958704113409
TCGA-QC-A6FX-01A-11R-A32Q-07,0.0305182983479982,0,0,0.0113586023081214,0,0.18742750460368,0.00788596300792163,0.00383221315749318,0.0105353390001906,0,0.0281717408502964,0,0.0151156289802446,0.0957749579295029,0.0608473035468053,0.493231024748773,0,0,0.0482718888710445,0,0,0.00702953464792872,0,0.741893238786279,0.725585016613533
TCGA-DX-A6Z0-01A-13R-A36F-07,0.120626971390536,0,0.00242852261831151,0.0949351053115729,0,0.136178065406271,0.0239362826264777,0.0155402302428301,0.0461441226403555,0,0.0121967683394525,0,0.0296715386340038,0.0228642340108485,0.0785224846891187,0.280325361223346,0,0,0.136630312866876,0,0,0,0,0.689072159376014,0.782673880102302
TCGA-DX-A8BR-01A-11R-A41I-07,0.0511471927876028,0,0,0.0314320836954022,0,0.0756345731952808,0.00847904611066848,0.00427138636918342,0.0108250309312907,0,0.0218487651748229,0,0.0550376598089279,0,0.0323555402672823,0.622682189892586,0,0,0.0862865317669526,0,0,0,0,0.723121647395154,0.729908274242736
TCGA-KD-A5QS-01A-11R-A27Q-07,0.0259886375810429,0,0,0.0261145304270291,0,0.106273826878521,0.00377908753647301,0.00393514382701605,0,0,0.0480391471703461,0,0.0359764075990003,0.254748524902119,0.0229557592968302,0.374370598204565,0,0.0116975556517111,0.0850365833898909,0,0,0.00108419753545608,0,0.782593893489734,0.690734502251436
TCGA-X6-A7WB-01A-11R-A355-07,0.105110904205487,0,0,0.013999354260986,0,0.258319904441196,0,0.017369553569124,0,0,0.0238837867937812,0.0286289427918251,0.0333824033090064,0.0366787856395911,0.0211308986518657,0.40046726964536,0,0.0342628055821088,0.00629297665760557,0.0204724144520624,0,0,0.02,0.220773549553181,0.99562368305117
TCGA-WK-A8XO-01A-11R-A37L-07,0.0184700366858551,0,0,0.0531530810734405,0,0.218643592533541,0.00502519521599932,0,0.00173820932040272,0,0.0216413358722111,0.00318223782424493,0.0627194804069962,0.0581569561129164,0.0194343928900884,0.348053880136621,0,0.00390420802731844,0.178113484123095,0.00760332457788808,0.000160585199381965,0,0,0.749719230200158,0.742927223271748
TCGA-DX-A48J-01A-21R-A30C-07,0.0300144481158077,0,0.00111989600545347,0.0375331638006798,0,0.318304575290438,0,0,0,0,0.000874886721549828,0.0272201791715735,0.0285340774687187,0,0.0217851930430156,0.194990970496144,0.00692401231517088,0.0013178661497124,0.331380731421736,0,0,0,0,0.510041883880462,0.862508921576605
TCGA-IS-A3K6-01A-11R-A21T-07,0.0682691404651332,0,0.0237584092320491,0.210109493427619,0,0.192623131261645,0.0330234599720152,0.0607570377695185,0.0665634850925299,0,0.000679255617133249,0.0239950312926288,0.018055791193111,0.0862525699031917,0.0367062516214475,0.163698552286596,0,0.00449406881829343,0.0106113269673089,0,0.000402995079778746,0,0,0.500620146662065,0.865734633770103
TCGA-IE-A4EK-01A-11R-A24X-07,0.0597290237681386,0,0,0.0535325514381563,0,0.253089288613043,0.00415472931382588,0,0,0,0.0678167996603793,0.00788787884446143,0.0664766866630487,0.034999210100803,0.0375805507777518,0.251384432611655,0.0101638995295182,0.000414411412609025,0.152770537266609,0,0,0,0.05,0.169593596844838,1.0092242299157
TCGA-3B-A9HU-01A-11R-A39D-07,0.129651860876763,0,0.00313162727334986,0.0766410900100124,0,0.342618802165536,0.0152675333758933,0,0,0,0.0288843908146445,0,0.100853169842155,0.0238195412863442,0.0647512552092256,0.193803348491622,0,0,0.0205773806544542,0,0,0,0,0.619428856702099,0.808203730394274
TCGA-QQ-A5VA-01A-12R-A32Q-07,0.0972555798836954,0.00991886466538168,0.000813819831283537,0.0947154139836247,0,0.394703434057407,0.0176789158018898,0.0166282058419952,0.0065063521841489,0,0.00846994956188567,0,0.0539168306880549,0,0.0507471097920712,0.209633976138684,0,0.0152718711588895,0.0237396764109879,0,0,0,0.02,0.237282160970216,0.99358531524141
TCGA-FX-A2QS-11A-11R-A21T-07,0.173082578332056,0,0.0206865972933554,0.02762327225233,0,0.261150122609346,0,0,0,0,0.0238586623766636,0.00400353336131386,0.088913540732692,0.0184554400679681,0.03622859939831,0.293883574929534,0,0,0.050087128501948,0,0,0.00202695014448196,0.01,0.286831149069328,0.964623185327175
TCGA-MO-A47P-01A-11R-A24X-07,0.0696970272912657,0,0.00878273053497143,0.114406715968614,0,0.289287650274127,0,0.0357012431159628,0.0210601072778331,0,0.0556014546577889,0.0215902507603019,0.0470765502085379,0,0.0341612601037206,0.280862658316443,0.0217723514904341,0,0,0,0,0,0,0.357902077069585,0.937038741617218
TCGA-DX-A240-01A-32R-A27Q-07,0.144853730608957,0,0,0,0,0.126705376105972,0.00713347126114753,0,0.0190778243224644,0,0.00796231832977531,0.0136479540950559,0,0.259721589580531,0.00428671310878466,0.370943715095164,0,0,0.0456673074921475,0,0,0,0,0.426125775685358,0.906555581831231
TCGA-DX-A7ER-01A-11R-A36F-07,0.0711235126850385,0.0165786745336532,0.021217454554546,0.0267602404084605,0,0.24058069349908,0,0.0288517270952672,0,0,0.0647269110407863,0.0557823034830119,0.0542363277232421,0.068955637013862,0.0115944463983477,0.291138700513551,0.00121368671144332,0,0,0.0472396843397101,0,0,0.04,0.187839862459977,1.00892134513412
TCGA-DX-AB2F-01A-11R-A38C-07,0.0353348801777563,0,0.00189520721289425,0.0162087857235479,0,0.0860966195256967,0,0.0034926204341967,0.00161684220080359,0,0.00846435626008066,0.0257917897537644,0.100115014738402,0,0.0345285774734557,0.678032775161001,0,0,0.00622288565171969,0,0,0.00219964568668117,0,0.62234549463509,0.78765775451608
TCGA-FX-A2QS-01A-11R-A21T-07,0.0618789649923543,0,0.0025919552280074,0.0412592856955284,0,0.278468510320295,0.0161618104625392,0.00394637594534121,0.00372624774737795,0,0.0296418250485443,0,0.0584815622462031,0,0.105755521290666,0.362893440073795,0,0.00234923937205707,0.0328452615772909,0,0,0,0,0.371601831731294,0.929123646161871
TCGA-WK-A8XQ-01A-11R-A37L-07,0.0684478136075339,0,0.000430401989309436,0.104821369381314,0,0.14723739528411,0.0428671779764214,0.0488857506858554,0,0,0.00968853043170466,0.0132264555829025,0.0767346970021664,0,0.0422965003971655,0.411285828295398,0,0.00248168108641624,0.0257093116631155,0,0.000760313273980692,0.00512677334260715,0.02,0.232233992026286,0.989421674218343
TCGA-VT-A80J-01A-11R-A36F-07,0.0396637628073641,0,0.00646644115260439,0.121498686013418,0,0.196155054496245,0.0246911097691053,0.00587975023361675,0.00110605098552063,0,0.0227515336712698,0.00805645040012893,0.0642546471082984,0.0946251804675081,0.0596269652125091,0.320106416885475,0.00507076309120444,0,0.0300471877057319,0,0,0,0,0.827665756327364,0.69312095377786
TCGA-3B-A9HP-01A-11R-A38C-07,0.0890533447232627,0,0,0.0396586554094395,0,0.167964116082812,0,0.00189341889653399,0.0159290890684592,0,0.0992885614523523,0,0.0672734426771471,0.0182664944575663,0.0576000180582238,0.400578770827612,0,0,0.0424940883465913,0,0,0,0,0.698082984538366,0.76893411494841
TCGA-DX-A23V-01A-11R-A29R-07,0.0589387992319372,0,0,0.0325527725607069,0,0.146505031139986,0.00187534924866134,0,0.0105313192737287,0,0.0364063100395524,0,0.129205347804888,0,0.035524095593587,0.53686247317829,0,0.00269306366711041,0.00890543826155133,0,0,0,0,0.743464799731992,0.723769278605128
TCGA-3B-A9I3-01A-11R-A39D-07,0.139238138768744,0,0.0174909143723697,0.109961945628634,0,0.268180864956973,0,0.00642812970327001,0.00277884547261946,0,0.0613204606672145,0.00315321716280909,0.0582344694308268,0.0431349302601272,0.0173928023925002,0.173716788917143,0,0.002190432192583,0.0922659687932769,0,0,0.00451209128090918,0,0.456480580116238,0.890135316012233
TCGA-MB-A8JL-01A-11R-A36F-07,0.109367416881965,0,0.0102263290119452,0.0141757513258385,0,0.22006663436344,0.0190932226996135,0.00549810762815118,0.00683828231704283,0,0.0404567000106794,0,0.0246592239438741,0.200029404118202,0.0113674583603388,0.31221103715719,0,0.00127206975211336,0.0247383624296069,0,0,0,0,0.513609645180048,0.861049627549913
TCGA-DX-AB2S-01A-11R-A39D-07,0.140502572491773,0,0.0253948805757327,0.0915830694607221,0,0.24162644249421,0.0200934686525335,0,0.058146914996173,0,0.00832062782761452,0,0.0359680398864995,0.085744337205701,0.0779449948635548,0.189090885048096,0,0.00242719604041178,0.0231565704569778,0,0,0,0,0.621856502605845,0.807500462374733
TCGA-DX-AB2J-01A-11R-A38C-07,0.0623077072934954,0,0,0,0,0.243029874394508,0,0,0.0021197712386456,0,0.0427441577099162,0.0288594521933775,0.126747445303504,0,0.00800142353614305,0.358069536711337,0.00469596555974185,0.00821870053918495,0.115205965520147,0,0,0,0.02,0.220846636828912,0.99124249307163
TCGA-DX-A23U-01A-11R-A26T-07,0.046620630736348,0,0,0,0,0.230111623446203,0,0.000245064404222447,0.00636265974419629,0.0269290712233272,0,0.00782444002485308,0,0.209512216605386,0.0428679954762721,0.422903477189607,0,0,0,0.0066228211495845,0,0,0,0.704003382723668,0.741412960869222
TCGA-DX-A2J0-01A-11R-A21T-07,0.262403741946963,0,0.037529674244312,0.057211341489232,0,0.202892358275098,0.00912449153885916,0.00595107396283961,0.00457904962181939,0,0,0.0318587775664667,0.0288334030522548,0,0.0173456588384464,0.243827398409946,0,0.00268906568581225,0.0943146029666767,0,0,0.00143936240127342,0,0.528980624543256,0.853084466348728
TCGA-SI-A71O-06A-11R-A38C-07,0.0705020806953606,0,0.0108581098882199,0.200867196589118,0,0.251837784935862,0.0195014061980808,0,0.00869029869183744,0,0.0169184757470303,0.0150194495750091,0.0320382137510924,0.046106678646115,0.0625881318934345,0.2194296880773,0,0,0.0352460718386796,0.0103964134728608,0,0,0,0.5630392991929,0.835055885137837
TCGA-MJ-A68J-01A-11R-A30C-07,0.0413304927456448,0,0,0.0321251215522837,0,0.138514739161329,0.00354709122071988,0.00553941782151298,0.0373182781112102,0,0,0.0309709107294282,0.0290866747053306,0,0.0141298739835713,0.344818891169285,0.0477777703166014,0.0289105245803916,0.245930213902691,0,0,0,0,0.657387596734212,0.794124696319931
TCGA-DX-A6BH-01A-12R-A30C-07,0.0503044215313862,0,0,0.00830003368713987,0,0.279488110205986,0.0106703869257708,0,0.00484064353432343,0,0.0276611616321943,0,0.00450304210269469,0.186782517262775,0.0517571643133053,0.256832494726569,0,0,0.118860024077856,0,0,0,0,0.677923952632317,0.778698101897494
TCGA-DX-A1L1-01A-11R-A24X-07,0.135266273546371,0,0.00307446438587856,0.0799554743578638,0,0.194687375211395,0.0393781397483145,0,0.0165746444186324,0,0.0112714075154303,0,0.0250447911486322,0,0.110003389432859,0.299895013849561,0,0,0.0771631371574647,0,0,0.00768588922759804,0,0.515732287578965,0.862765478132176
TCGA-Z4-AAPG-01A-11R-A39D-07,0.0470778157036344,0,0,0.0164095112513135,0,0.242315461493285,0,0,0,0,0.0447750822996866,0.0336380247302331,0.0329397587120422,0,0.00113908636806688,0.543417668613636,0,0.00781342838546986,0.0289508474895322,0,0,0.00152331495309989,0,0.631813852122375,0.793435568305739
TCGA-DX-AB2H-01A-11R-A39D-07,0.122405204703194,0,0,0.0489747920606046,0,0.102223889318729,0.0065629157101392,0.0250218861237034,0.0305967426401102,0,0,0.0312152932111965,0.0345395314913866,0.267540310255196,0.0562829585443148,0.228928904794892,0,0,0.0457075711465338,0,0,0,0.01,0.304620961927113,0.962179090060235
TCGA-3B-A9HO-01A-11R-A38C-07,0.03888855254391,0,0,0.206866069493669,0,0.150592507865513,0,0.0396339050051563,0.061892458788732,0,0.00683484378937397,0.0152520256786916,0.0938571506386007,0,0.0685664399298197,0.317595616714545,0,0,2.04295519889244e-05,0,0,0,0,0.709651824170633,0.750866094407296
TCGA-DX-A3UD-01A-11R-A30C-07,0.0425203043292488,0,0.0057993680105908,0.0566702391532038,0,0.243778376459556,0,0,0.0300458531080392,0,0.0141841963294665,0.0130129606814638,0.0440198976045582,0.00209103553617687,0.0468539040758601,0.369751485712289,0.0320952180489288,0,0.0991771609506188,0,0,0,0,0.51069157439619,0.86574113181272
TCGA-PC-A5DL-01A-11R-A26T-07,0.0637074859110183,0,0.00396632281527316,0.0338025620531383,0,0.356532830084639,0,0,0,0,0.0421043342804507,0,0.0920496479043431,0.0141267170959814,0.0633145414872807,0.165665816086231,0,0,0.164729742281644,0,0,0,0,0.592013556623788,0.827343101247217
TCGA-MB-A5YA-01A-11R-A29R-07,0.0541825856443761,0.00292704631197974,0,0.0138431682500219,0,0.213519188391774,0,0,0.0113173094644351,0,0.0188414176877001,0.0269893357475662,0.114949163294913,0,0.0297609813301457,0.282830371299582,0,0.015903135405785,0.214936297171721,0,0,0,0,0.52216664702494,0.862326562985715
TCGA-WK-A8XS-01A-11R-A37L-07,0.0566405372360115,0,0,0.0169947211641981,0,0.313365739250206,0.0110154608255906,0.0193722613461162,0,0,0.0545663411793293,0,0.0608262961058758,0.041146353554457,0.0413227361093764,0.306439647716609,0,0.0385903304851274,0.0276874234406035,0.00897051263023515,0.00306163895626388,0,0.01,0.305801804441374,0.957015942841911
TCGA-DX-AB2Q-01A-11R-A39D-07,0.0488328374128546,0,0.00399276776285004,0.0174320637598334,0,0.231474629956551,0.0260476386986458,0.00169079331710623,0.0166548981464436,0,0.0458639807015172,0,0,0.215715933325214,0.0586221418682371,0.311142947426365,0,0,0.0124227878391436,0.000568191039311712,0,0.00953838874592717,0,0.631839087401959,0.795180189434569
TCGA-DX-A8BX-01A-11R-A37L-07,0.0204699661556149,0,0,0,0,0.0423177175006812,0,0.0016561847074598,0.000328764938957003,0,0.0155098579680387,0.0057098388344512,0.169044155683542,0,0.0227143281416515,0.691215518148548,0,0.0160831027147785,0.0149505652062775,0,0,0,0,0.677455033306508,0.744628893051679
TCGA-K1-A42X-02A-11R-A24X-07,0.0880510744466157,0,0.00591996067538355,0.0528853840033155,0,0.266154478553002,0.000826573870549708,0.0237418851738839,0,0,0.0226476333886918,0.0124368622740586,0.0408503499865664,0.00778571176563336,0.0057813685806065,0.218117225847348,0,0.0145488580394154,0.24025263339493,0,0,0,0.02,0.238013903736379,0.985293915557332
TCGA-DX-A6BA-01A-11R-A30C-07,0.0543787407355649,0,0,0,0,0.206045420458792,0,0,0.0014345436968104,0,0.0360541021407284,0,0.315893966388437,0,0.0152943950768142,0.284517687518032,0,0.0154141409902703,0.0709670029945513,0,0,0,0,0.554822584370911,0.841668258809226
TCGA-DX-A48N-01A-11R-A30C-07,0.0678492581370851,0,0,0,0,0.211121206348055,0,0,0,0,0.0628413337615378,0,0.101547643032489,0,0.0205864424131812,0.42689269105994,0,0.0585193013577093,0.0506421238900031,0,0,0,0,0.351716156002036,0.937562800909651
TCGA-DX-A6B7-01A-11R-A30C-07,0.0985811150245649,0,0,0,0,0.24529504083865,0.0212924980865473,0.00071038575095717,0,0.00604337292051477,0.0591574441773362,0,0.0249991029812817,0,0.0111372417760092,0.249145957567987,0.00324980442503655,0.0151110025222907,0.26269908578161,0,0,0.00257794814721529,0,0.380757394420038,0.924578382017
TCGA-IE-A6BZ-01A-11R-A30C-07,0.05152026599169,0,0,0.0857958114465929,0,0.222159965539057,0.0139578788282242,0.0167839518500678,0.0368604369710355,0,0.0209965330243046,0.0137743478210961,0.0133953416196693,0.00107045904650688,0.0537400095745953,0.394022169923551,0,0,0.075922828363609,0,0,0,0,0.405649003084387,0.913440441181112
TCGA-QQ-A8VF-01A-11R-A37L-07,0.140836790036379,0,0.0208579370823118,0.194304109648537,0,0.151545966281286,0.00526035496344634,0.0468401993644177,0.0502997870743791,0,0.0445686910789647,0.010308594988738,0.0317502467994442,0.0983444305183693,0.0598413484181304,0.142846693338211,0,0,0.00239485040738497,0,0,0,0,0.668309027150102,0.774835956241432
TCGA-DX-A6YU-01A-12R-A33J-07,0.0429070364100693,0,9.70897306369534e-05,0.180946588542721,0,0.182635565423306,0.00877600718017811,0.00752167461602952,0.0152526441401222,0,0.00443385826259116,0.00163350276124229,0.0626992299803667,0,0.0770356603385789,0.409359896920917,0,0,0.00670124569324095,0,0,0,0,0.733058971165621,0.737761148579423
TCGA-MB-A5Y9-01A-11R-A29R-07,0.0521940190827931,0,0.0246228129435804,0.108619167473922,0,0.18909228735176,0.0208676408993917,0.00476281200910537,0.028235605526417,0,0.0231982693190062,0.0165349539957806,0.037003954087409,0.0287835703258785,0.0201323437981511,0.400195126311624,0,0,0.0417768540590625,0,0,0.00398058281611744,0,0.423252010663093,0.905421834734317
TCGA-DX-A23Y-01A-11R-A27Q-07,0.111558883691204,0,0.0127864701369661,0.177142351183377,0,0.168479335329527,0.0256866147299743,0.00223685594669323,0.0429241118919443,0,0.00889145300052336,0,0.0415144973553959,0.0145232447243919,0.0778395000536335,0.30358588426218,0,0,0.0128307976941895,0,0,0,0,0.72101537069291,0.752097739389842
TCGA-DX-A1L3-01A-11R-A24X-07,0.0311640655982267,0,0.000203874439371648,0.0374071052038917,0,0.173230724501529,0,0.014563033729785,0.0175081751828818,0,0.0111519511286371,0.00872835773919762,0.0443283431364586,0,0.0574030985815749,0.423010887342981,0,0,0.181300383415464,0,0,0,0,0.697768103803902,0.768726051710942
TCGA-K1-A3PN-01A-11R-A22K-07,0.105609820150779,0,0.00557893673616217,0.0388510789503432,0.00232187391926123,0.325082106395597,0.0215070019830934,0,0,0,0.0649126755162785,0,0.0651918346460283,0,0.0194901521406054,0.271947973684528,0.00466295150572003,0.0129440096700913,0.0589168568231235,0,0.00298272787838838,0,0,0.482982670297392,0.87862681942834
TCGA-QQ-A8VD-01A-42R-A39D-07,0.0904627709044627,0,0,0.0172055633968441,0.00285638295552967,0.144454009301817,0.0121648179129348,0,0,0,0.0818832359591524,0,0.0240395124164336,0.146134300531532,0.00738709275579694,0.317978529289101,0,0.0118703932362212,0.143563391340175,0,0,0,0,0.47863977022867,0.880373663069063
TCGA-DX-AB30-01A-11R-A39D-07,0.078997868895213,0,0,0.0377480502104781,0,0.192621528061094,0,0,0.0410145002506148,0,0.0425381110081266,0,0.0254543894956243,0.210559190349443,0.0405846193835962,0.244852577994337,0,0.010418758134868,0.0752104062166055,0,0,0,0,0.398513100754906,0.916929456460027
TCGA-DX-A8BZ-01A-11R-A37L-07,0.0053292203982113,0.00873961655264581,0,0.00477650657307237,0,0.062971007405768,0.00592680001373492,0.00038637406919117,0.00126752259220319,0,0.037468957003359,0,0.00694854606593681,0.273377176806981,0.00131242905304988,0.545854299193855,0,0,0.0456415442719913,0,0,0,0,0.825629367496517,0.617345171551222
TCGA-DX-A23T-01A-11R-A26T-07,0.0887737096126682,0,0.0156587551592846,0.0800971446758641,0,0.286543368007654,0.0118317431470776,0,0.0129168066528966,0,0.012574310815623,0.000246927393453374,0.103091434218293,0,0.0343930212694399,0.322668751409899,0.000662705376909943,0,0.0217932892804154,0,0,0.00874803298052149,0,0.347206167648247,0.939653162297008
TCGA-X6-A7WA-01A-12R-A355-07,0.0293535281184739,0,0,0.0203627994496909,0,0.20765063326156,0.0014220514443612,0,0.0309884810818186,0,0.0469170190724019,0.00262677498672185,0.154661736977119,0.0508111288468713,0.0280459338070197,0.353571006596455,0.0119141233543515,0.00292829732299914,0.0587464856801563,0,0,0,0,0.520767303876717,0.859953081355986
TCGA-3B-A9HZ-01A-11R-A39D-07,0.0445382287507053,0,0.00321868982212332,0.066986224385219,0,0.301233050628904,0.00343601505773528,0,0.00188621414755598,0,0.0114343613598299,0.0123456418957784,0.0687175887299645,0.0116412234546513,0.0374838841140201,0.300228739383564,0,0.006783780974685,0.130066357295264,0,0,0,0,0.671615050100686,0.787861702993111
TCGA-3B-A9HR-01A-11R-A38C-07,0.0360064968506404,0.0305962848780083,0.016452964936532,0.028540991592485,0.0119694999189942,0.236275001997265,0,0,0,0,0.0235246301294321,0.00749661795799129,0.0152544654591936,0.0826174491750054,0.00756958671085719,0.291524596447737,0,0.0145939441470849,0.182787529202312,0.0147899405964614,0,0,0,0.339769794488412,0.942271383641363
TCGA-Z4-AAPF-01A-11R-A39D-07,0.099870745585762,0,0,0.0115867934048472,0,0.20781691113991,0,0.0307051369797865,0.0102683687895381,0,0.0172842855038063,0.0198276895985412,0.0161285708877139,0.231671963347856,0.0426371376435717,0.267210065160333,0,0,0,0.039180079588176,0.00581225237015873,0,0,0.59274520054853,0.817644271337129
TCGA-DX-A3U9-01A-11R-A30C-07,0.0496749029822217,0,0,0.0238584039417277,0,0.266783555536898,0,0,0.00684523950337576,0,0.0539173216094945,0.0231980544501092,0.0167857719465657,0.102059324127077,0.021300753969554,0.268324376067835,0,0.00031268623457554,0.166939609630566,0,0,0,0.02,0.250647101491153,0.979900275253751
TCGA-DX-A6YT-01A-21R-A355-07,0.0318906473846521,0,0,0.0302590189714273,0,0.138239891667187,0,0,0.0255292263933248,0,0,0.0317308920215851,0.0531560967735894,0,0.0523228004808036,0.589732472159651,0,0.0244062419804525,0.0227327121673279,0,0,0,0,0.544426115280267,0.840635247474137
TCGA-FX-A8OO-01A-11R-A36F-07,0.104346224343217,0,0,0.0390547915152206,0,0.226343033849214,0.0113107672564218,0.0166953619046876,0.00514884898231994,0,0.0691228752142314,0.012356994130071,0.0538229004903558,0.0856472075145094,0.0112702545674709,0.356387880044374,0,0,0.00849286018790608,0,0,0,0.01,0.258594799004254,0.979850956274492
TCGA-DX-A3LY-01B-11R-A27Q-07,0.0361096296295387,0,0,0.00645971427653364,0,0.123626157652175,0,0,0,0,0.0321051648644505,0.00929265042928356,0.0413879836656278,0,0.0202178036010026,0.671931795841299,0,0,0.0433307612706852,0,0,0.0155383387694046,0,0.767562841297126,0.68958407136998
TCGA-VT-AB3D-01A-12R-A41I-07,0.0735094594592927,0,0.00755698659603615,0.292454357198783,0,0.0706542444726452,0,0.0803586400831061,0.0838857537977505,0.0064811683313078,0,0.030397886440806,0.0403113046906324,0.0373668454543524,0.0527689436840308,0.214320954627419,0,0,0,0.00993345516383718,0,0,0,0.536273716152446,0.845783309307188
TCGA-SI-AA8B-01A-11R-A38C-07,0.00702338482969916,0.00435568113996512,0,0.0054827712465842,0,0.134283454573275,0.0116208300231546,0,0,0,0.0408207604015565,0,0.0203283674937723,0.29359533689802,0.0199840144791568,0.406367631971329,0,0,0.0561377669434877,0,0,0,0,0.717192433102288,0.724534601626927
TCGA-X6-A8C4-01A-11R-A36F-07,0.00805642885118693,0.00770808518984401,0.000915919437468108,0.0203294130252934,0,0.239360024769756,0,0.024048255385034,0.0244433138475343,0,0.0250619772544632,0.019654454645432,0.0811217799756766,0.00990376837900061,0.0151303793947546,0.465267208715449,0.000256778998390336,0.0236083547125861,0,0.0351338574181306,0,0,0,0.45191611194615,0.891583397913751
TCGA-DX-A7EI-01A-11R-A33J-07,0.201529628365094,0,0.00654678083587758,0.0644926445019768,0,0.341404314950721,0.00219308774901298,0.0117767025463096,0,0,0.0972438676769644,0,0.0229169825799936,0.0379924302422518,0.0431504156706071,0.150136070594878,0,0.00128586515339463,0.0193312091329186,0,0,0,0,0.38807023861226,0.923146032663279
TCGA-DX-A7ET-01A-11R-A36F-07,0,0.0201522130666129,0.00615436431171395,0.245961147781224,0,0.107977272217579,0.0319927667381949,0.0278703050064691,0.0837258061143808,0,0.0170670370039511,0.0171622585840139,0.0381606272680425,0,0.0716914643292246,0.309557309516474,0,0,0.0225274280621188,0,0,0,0,0.534734373905906,0.84833867979884
TCGA-3B-A9HT-01A-11R-A39D-07,0.092609314720252,0,0.0248361989110037,0.106192949851398,0,0.215405072132942,0.0197234673819137,0.0266129590194486,0.000376958971972674,0,0.0356790944895296,0.00941339741208265,0.0399248673289625,0.059019612558725,0.0652622374471361,0.282967125696108,0,0,0.0173814598072404,0,0,0.00459528427128471,0,0.538758295823555,0.850923702486782
TCGA-X6-A8C3-01A-11R-A36F-07,0.0182632395720401,0.000342905210172537,0.000426984062316862,0.098611746297089,0,0.150276585753913,0.000672172354315994,0.0271834721968799,0.0100308467961624,0,0.0104388818282605,0.00779591538499134,0.111219647453621,0,0.0479910806215176,0.488655463429673,0,0,0.0280910590390466,0,0,0,0,0.696019696174624,0.758613080394749
TCGA-DX-AB2V-01A-11R-A41I-07,0.112785958029685,0,0.000893257899250653,0.0311127063465369,0,0.0926201163597087,0.0127199219621361,0,0.0157089538290723,0,0.111196192659217,0,0.0669826891806501,0,0.021823766435822,0.467271119525605,0.0181696526576128,0.0172347149746139,0.03148095014009,0,0,0,0,0.514114022351001,0.861308427436698
TCGA-IE-A4EH-01A-11R-A24X-07,0.0508561086217268,0,0,0.0237439219979015,0,0.2398842751245,0,0.0254252307670123,0.00514122243818683,0,0.0651995246013622,0.00189586926828323,0.0255392081868791,0.0812624337302381,0.0291969145569234,0.369832004202365,0,0.0204360615534086,0.0615872249512122,0,0,0,0,0.383370173820324,0.923641039438208
TCGA-DX-A3UF-01A-11R-A30C-07,0.112150742398203,0,0.00225059677296517,0.0601472486195405,0,0.205534211838778,0.00136098334414221,0,0.0531764175133556,0,0.0356717295333314,0.0223709003015885,0.0741406636393133,0,0.113190572091869,0.256335750755905,0.000294772871530396,0,0.0633754103194773,0,0,0,0,0.600392148097704,0.820825507110765
TCGA-IS-A3KA-01A-11R-A21T-07,0.0664474376889243,0,0.0171581388378627,0.32572334140727,0,0.110195293673843,0.0649169744930187,0.0696257408020616,0.0840629958983669,0,0,0.0172866333889867,0.0257506754509434,0.116513220833529,0.0165128869287611,0.054204676433083,0.00261689375885153,0,0,0.0164735251157187,0.0125115652887791,0,0.02,0.225197349612508,1.01160419956658
TCGA-DX-A8BS-01A-11R-A37L-07,0.0268446826427029,0,0.000700015853771655,0.0450612033880618,0,0.146617054718649,0.0188246043626893,0.0166164559952638,0.00360570329920349,0,0.0500256217047749,0,0.0635365166891277,0.132489973624272,0.0444742633689816,0.440176898184799,0,0,0.00269053108235605,0.0065587221195581,0,0.00177775296578927,0,0.684253956170673,0.761809821007448
TCGA-DX-AB2O-01A-12R-A39D-07,0.088656141198734,0,0.00271175737796048,0.132816155769317,0,0.150913795691679,0.000993106760561,0.0386179973417676,0.0392022880003636,0,0.0468059513663758,0.0167032551888665,0.0454035023464404,0,0.0600396486506836,0.334614862195938,0,0,0.0425215381113134,0,0,0,0,0.618068150022734,0.81040330959415
TCGA-DX-A2J1-01A-11R-A21T-07,0.0308627672150903,0,0,0.0658014406542572,0,0.175268842410215,0.0100859955283316,0,0.0271604203139576,0,0.00830283053509689,0.0188314597215704,0.131953411613547,0,0.0232571389097588,0.419805890271362,0,0,0.0886698028268129,0,0,0,0,0.727907401278478,0.75161637827731
TCGA-QQ-A8VH-01A-11R-A37L-07,0.126206103095834,0,0.0126639432832674,0.0345362357925181,0,0.184452625791863,0.0215604948436019,0,0,0,0.0558104927749736,0,0.00357418988616166,0.1272395026786,0.00848646489391466,0.399068353831348,0,0.00890810692026661,0.0174934862076514,0,0,0,0,0.420342567571747,0.907085180330431
TCGA-DX-A3UA-01A-12R-A30C-07,0.0613449265424571,0,0.00152872859399148,0.0168940276133587,0,0.132784382313937,0.0197969669653809,0.012543431521634,0.0249384796678999,0,0.0361356264982586,0,0,0.254144882762288,0.0423312462550868,0.354209002897175,0,0,0.0425370235112695,0,0,0.000811274857262802,0,0.647314519354795,0.781963065109169
TCGA-DX-A6YS-01A-12R-A355-07,0.0687648091675858,0,0,0.0249933290674858,0,0.216803150741386,0,0.00221803143674306,0.0242237263804322,0,0.0344754468965472,0.0220552451487507,0.0644017002075885,0,0.0779618977644938,0.347335738587794,0.00434595274818968,0.00755143686061428,0.104869534992388,0,0,0,0,0.407867913310629,0.912318651647507
TCGA-DX-A8BT-01A-11R-A37L-07,0.116818413103198,0,0.0235634825603437,0.0139306273289079,0,0.15319704887024,0,0,0,0,0.0549797823614796,0,0.0250080000701698,0.0510428714124065,0.0313482564478734,0.481053563984004,0,0.00376725775286871,0.0452906961085083,0,0,0,0,0.675934108059515,0.773779280682713
TCGA-DX-A7EQ-01A-11R-A466-07,0.057927646774167,0,0,0.00310552273396771,0,0.119283546079147,0,0.0183636527516845,0.00166671569824938,0,0.057888568861845,0,0.0332429983275361,0.255764577320239,0.01953744918472,0.396303090226279,0,0,0.0338416822603745,0.00307454978179031,0,0,0.01,0.326910116570193,0.959245801194434
TCGA-WP-A9GB-01A-11R-A37L-07,0.0712321689336254,0.002875832843727,0,0.0310720939621818,0,0.216153047634883,0,0.0892800932331377,0.0537553346604896,0,0.0529669696984816,0.00904346794173805,0.0461368567103759,0.0616158816150207,0.0145268054465842,0.30180760469774,0,0.0149966960607479,0.0345371465612672,0,0,0,0.05,0.17106926710816,1.01523397503059
TCGA-K1-A42W-01A-11R-A24X-07,0.0503097399977217,0,0,0.0259229311941963,0,0.225501303191926,0.00733835123309247,0,0.00576528151953783,0,0.0530120174054564,0,0.0906622943547321,0.00461268896255605,0.0362228876166957,0.403363883607311,0,0,0.0972886209167743,0,0,0,0,0.659080785784054,0.792674865365276
TCGA-RN-AAAQ-01A-21R-A39D-07,0.0146229056573748,0.00734453694964808,0,0,0.00655919497643776,0.141192008958367,0,0,0,0,0.0204149994018949,0.0212562577903954,0.262520021835329,0.007201610091137,0.00738297148687454,0.472919179669324,0,0.022654507040494,0.0159318061427235,0,0,0,0,0.662639483929298,0.770974148991272
TCGA-DX-A48R-01A-11R-A30C-07,0.0477647846002778,0,0,0.0386699335549158,0,0.350756202989721,0.00579189480712738,0,0,0,0.0464811894594916,0,0.0541368446352468,0.0209113189424545,0.0249826623045652,0.338694210576864,0,0.0345484792973392,0.0324748107423324,0.00311557003483988,0.00167209805482496,0,0.01,0.269831500903706,0.974225061126528
TCGA-IF-A4AK-01A-21R-A24X-07,0.0887373452988148,0,0.00497072519848593,0.0601452032144124,0,0.240403188319856,0.0181496836711325,0.0109107198406922,0,0,0.0561183631308857,0,0.0284472410735914,0.154599608577802,0.0580811608463157,0.257325539041234,0,0,0.0221112217867781,0,0,0,0,0.568476121059539,0.835172307881904
TCGA-DX-A48L-01A-11R-A30C-07,0.0667171633540884,0,0,0.0121387347548514,0,0.249723202699454,0.00425106336627361,0,0,0,0.0721032497826695,0,0.0870239802825351,0.022130669979399,0.054229457471968,0.369150838005355,0,0.00289706188852088,0.0554321791752209,0,0.00420239923966433,0,0.01,0.282138770910086,0.966721138661913
TCGA-SI-A71O-01A-12R-A33J-07,0.0047142255275583,0.0143655535928233,0.00220921618056254,0.0331124731532951,0,0.162806244762354,0.00349932329825359,0.0292833334957147,0.0137040633051341,0,0.0142263452829545,0,0,0.282455889264466,0.0366879339140351,0.311116604737977,0,0,0.0918187934848718,0,0,0,0,0.661194431155667,0.772915692698325
TCGA-N1-A6IA-01A-12R-A32Q-07,0.0149761871122048,0.00779485989846542,0.00322631546566687,0,0,0.256315268893836,0.00870410793791812,0,0,0,0.0534733068226954,0.0138411753455723,0,0.327603782781217,0.0225021148254275,0.230679325346512,0,0,0.0593114357971001,0,0,0.00157211977338568,0,0.726803452470914,0.730188188430822
TCGA-X9-A971-01A-11R-A38C-07,0.0270444231474334,0,0.000481160327904747,0.0053516419069988,0.0385269760296297,0.161739005847039,0,0,0,0,0.0373401892461099,0.000981965719397823,0.00926876863456963,0.3121636438643,0.0247948691713836,0.250107120654687,0,0,0.106016034995736,0,0.0261842004548111,0,0,0.662533708218226,0.77356628382693
TCGA-PC-A5DM-01A-11R-A27Q-07,0.0378756746846276,0,0,0.00806299289030734,0,0.171818524571431,0.0313736509454429,0,0,0,0.0317076832557435,0,0.107352011775245,0.155015073009474,0.00160038760137212,0.395663597671338,0,0.0130626156909915,0.0464677879040273,0,0,0,0,0.619771385444288,0.803103132413067
TCGA-RN-A68Q-01A-11R-A30C-07,0.0405589573729398,0,0,0.0283475121597282,0,0.130102470068134,0,0.0149741741701353,0.00186935488567833,0,0.0260936551414691,0.00152904899985283,0.306439641660154,0,0.027119684395939,0.365734298967198,0,0.00157462522592753,0,0.0305418832089516,0.0251146937438932,0,0,0.408021409716046,0.913764390071074
TCGA-DX-AB2P-01A-11R-A38C-07,0.0968241454969127,0,0.0036251010831365,0.0115926342070404,0,0.163132312371766,0.000893362313184529,0,0,0,0.0503409284731741,0,0.0362328538053599,0.199955513819333,0.0214842175661877,0.371784932418195,0,0,0.0441339984457105,0,0,0,0,0.687798297692671,0.762606928701213
TCGA-VT-A80J-02A-11R-A41I-07,0.0778332425509642,0,0,0.061329852113974,0,0.14555633974594,0.0390038004198492,0.00591657028774385,0.0508620211320279,0,0.0340042701152479,0,0.0155944845452415,0.116231099806244,0.0563010618414941,0.349061954249696,0.00661160789944732,0,0.0416936952921302,0,0,0,0,0.54444326323998,0.847771087728865
TCGA-K1-A3PO-11A-12R-A21T-07,0.0584048001436943,0,0,0.0157819357244586,0,0.154678011360919,0,0,0,0,0.0195304232653115,0.00179501386090274,0.0696091327537898,0,0.00435535501800612,0.428482039758846,0.00252774794291793,0.00903358760996763,0.235801952561186,0,0,0,0,0.442768879503053,0.896764493856066
TCGA-X2-A95T-01A-11R-A37L-07,0.103493665456846,0,0,0.0490915423885094,0,0.268687164449656,0.018994194675511,0.0126742987396753,0.00357295726247587,0,0.0458405843781557,0,0.0247434432254035,0.123635177811545,0.0340868151806113,0.283914084464415,0,0.0045079364907071,0.0267581354764892,0,0,0,0,0.452155104220817,0.891992074147634
TCGA-JV-A75J-01A-11R-A32Q-07,0.135027856879208,0,0.00754349223656117,0.0319602457278005,0,0.178066733209054,0,0.037135000543421,0.0477050943425329,0,0.0723195762129237,0,0.0292533281230222,0.270546875338658,0.00299036789120724,0.174180501886554,0,0,0.00854337436092559,0.0047275532481316,0,0,0.05,0.159932903096706,1.02775081753251
TCGA-KD-A5QT-01A-11R-A27Q-07,0.137827353797265,0,0.0108138258519933,0.0418819060478857,0,0.238797351730058,0,0.0470639023343322,0.0213987780225424,0,0,0.0348718612023362,0.0447635308130372,0.0340580729599136,0.0542984254609174,0.200081975006847,0,0.00272289283009656,0.131420123942776,0,0,0,0,0.467188224275524,0.886289718309247
TCGA-WK-A8XX-01A-11R-A37L-07,0.0136382507597835,0.00326297148793084,0.000666611487592317,0.0110507748123018,0,0.222684347058928,0.0104661508282455,0,0,0,0.0400382824951503,0,0.0809069565225496,0,0,0.491274679199221,0.00614258818730028,0.0204504035913295,0.0966875925097811,0,0,0.00273039105988604,0,0.700397014443152,0.761381493811363
TCGA-FX-A3NK-01A-11R-A21T-07,0.291004430015499,0,0.0315841107658612,0.0282027965024221,0,0.167965918526573,0.00343137403438538,0.00532030357243013,0.000731275002394394,0,0.0172949100207386,0.00377539886702267,0.0233485132243835,0.0336750595402114,0.0207895811117081,0.264878827082339,0,0,0.106649174886799,0,0,0.00134832684723165,0,0.561284368272283,0.835781666274024
TCGA-DX-AATS-01A-12R-A41I-07,0.0237302804499552,0,0,0.00305521521410452,0,0.195258574312862,0.0246453418860834,0.00589122533241228,0.0170716922208942,0,0.0552486890021301,0,0,0.184415355644263,0.00250060310243343,0.426704030266415,0,0.00724887017229453,0.0490289076456137,0,0,0.0052012147505395,0,0.618482894716005,0.800058334798665
TCGA-DX-A3M2-01A-21R-A22K-07,0.0138928692602165,0,0.00167638480546213,0.141378964990584,0,0.111083675126603,0.0139408761178662,0,0.0118353022375669,0,0.0247710146952657,0,0.0565394043448961,0,0.0526891817194174,0.514176606271144,0,0,0.0580157204309786,0,0,0,0,0.636311629301434,0.793415953538353
TCGA-DX-A6B9-01A-12R-A32Q-07,0.0559787937695633,0,0,0.0132575968305742,0,0.301892132020643,0,0,0.00775504772870672,0,0.028217802420295,0.0483527786589405,0.0535649512428368,0,0.0288217721141262,0.213779617534383,0.00648781611980583,0.00110332217508723,0.240788369385038,0,0,0,0,0.354024387502115,0.936358853147468
TCGA-VT-A80G-01A-11R-A36F-07,0.0779772071948285,0,0,0.0687269410623937,0,0.171185251408277,0.0192064181872079,0.0195455786945024,0.00980645194677426,0,0,0.0360843832298357,0.0579939304014973,0,0.0795089336411425,0.328671621616802,0.00359588058146906,0,0.122933346985335,0,0,0.00476405504993531,0,0.465883989410973,0.886896207572148
TCGA-WK-A8XZ-01A-11R-A37L-07,0.0744548297521152,0,0,0.0251422286407537,0,0.287294990858344,0,0,0,0,0.0407690049377378,0.0100076215025902,0.0948638729554579,0,0.0563350982142144,0.282843325156573,0,0.0216028984098343,0.10668612957238,0,0,0,0,0.456845493211875,0.891338977573093
TCGA-DX-A3U7-01A-11R-A29R-07,0.102418076024334,0,0.00967858409132136,0.0166664240680441,0,0.290660945024172,0.0170952413431115,0,0.000552828196949102,0,0.0682559754989233,0.00298772766205616,0.0224142078931848,0.112344253634467,0.0350761084733948,0.259945525520462,0,0,0.061904102569581,0,0,0,0,0.585957764401166,0.830059562988084
TCGA-DX-AB2E-01A-11R-A39D-07,0.0321759030914119,0,0.00191447953556838,0.126271248723679,0,0.126253153633403,0.0244504225732104,0.031567782130262,0.000830543761105748,0,0.054117542302309,0,0.00658291246448536,0.173065254925111,0.0453083905815804,0.319995670435481,0,0,0.0254339515122073,0.032032744330186,0,0,0,0.621026448270691,0.803660395802932
TCGA-DX-A7EF-01A-11R-A33J-07,0.0460922852476728,0,0,0,0,0.192318144165316,0.00683145062224011,0.00826509798705765,0.00704616846887912,0,0.0496539967947608,0.00583723162416278,4.13878050860281e-06,0.270386882727552,0.0374411330020615,0.337724263316453,0,0,0.0383992072633352,0,0,0,0,0.687155985921226,0.755831562692547
TCGA-WK-A8XT-01A-11R-A37L-07,0.165931230119296,0,0,0.0209295831185135,0,0.185265622925252,0,0.0272726067673684,0.0493781527034001,0,0.104821266523019,0,0.0470505225008684,0.0875797162093477,0.0183340869520093,0.204243683787309,0.014425119537633,0,0.0747684088559838,0,0,0,0.09,0.130952761240094,1.02569600113332
TCGA-DX-AB2L-01A-32R-A41I-07,0.105447071458553,0,0.000221341060817045,0.0144456968511362,0,0.120866350242229,0.0131869828879816,0.00247614887030764,0.0198624897320609,0,0.0512371223869625,0,0.00985654854495787,0.0910866290279044,0.0121075095027826,0.515091128497747,0,0,0.0441149809365603,0,0,0,0,0.76335901423497,0.712584604204777
TCGA-QQ-A5VC-01A-31R-A32Q-07,0.0118242227788185,0,0,0.0346850021774559,0,0.289793385699784,0.0031452951639221,0.0303972170186439,0,0,0,0.0371904848710349,0.0189522448050414,0.149575271898974,0.0298869414914274,0.324898010573226,0,0,0.0471436158603495,0,0.0131588658910609,0.00934944177026121,0,0.505672058118487,0.864668231933508
TCGA-JV-A5VF-01A-11R-A29R-07,0.0111885003013379,0.0193031134793353,0,0,0,0.161191624742532,0.0664700474529823,0,0,0,0.070678444016137,0,0,0.307960055437698,0.00182756131352547,0.360590852828847,0,0,0,0.000789800427604689,0,0,0,0.698829763725951,0.740470730505223
TCGA-DX-A3M1-01A-11R-A22K-07,0.095880324314577,0,0.00292862943683965,0,0,0.177614693158693,0.00873196061942028,0,0.00732854131770416,0.00400963392915503,0.034553272887323,0,0.00544467762499743,0.117305489474615,0.0501761057373576,0.454276215461622,0,0,0.0409115090296414,0,0,0.000838947008054589,0,0.659393112483425,0.779816602865902
TCGA-IS-A3K7-01A-11R-A21T-07,0.0109889295983433,0.00480993790276044,0,0.0867397520698851,0,0.366264139270257,0,0.0209410024417977,0.0189545714127118,0,0.00663446359496349,0.0349798592922065,0.0193802172854107,0.0937512871908423,0.0413023287727671,0.28862288273962,0,0,0.00663062842843454,0,0,0,0,0.674137275299268,0.766944529410548
TCGA-IW-A3M4-01A-11R-A21T-07,0.180723500006556,0,0.00345656802629846,0,0,0.228361622762072,0,0.0112454520283762,0,0.000869054445801726,0.00940017508373757,0.0266967914461952,0.0884214212000065,0.0276403206918993,0.00922199560720358,0.242243247571828,0,0.00986467546328977,0.141135069063453,0.0207201066032821,0,0,0,0.363328323030859,0.931654498328551
TCGA-3B-A9HX-01A-11R-A39D-07,0.0486182596330376,0,0.00631048607156259,0.0144465168701293,0,0.209390678712221,0.018814619937687,0,0,0,0.0643590892228838,0,0.0620635084990854,0.206599047186097,0.00202720131565944,0.150617130477305,0,0.138622342251491,0,0.0547923665999884,0.00177056675453314,0.0215681864683195,0,0.492192730569816,0.872661928544007
TCGA-X6-A7W8-01A-21R-A355-07,0.0361268769176746,0,0.000606707637571048,0.0245688617917916,0,0.105645591075979,0.00476146482383467,0.0096216050297663,0.00751676574416931,0,0.0204598462043548,0.00185483613457339,0.0348635603184865,0.064442596066908,0.0328044360158896,0.564958779305352,0,0,0.0777732913981515,0.00410503639196705,0,0.00988974514353041,0,0.760154061339591,0.70729094096367
TCGA-DX-A8BN-01A-11R-A37L-07,0.0308526499202736,0,0,0.0180018942547012,0,0.0293853069602474,0,0,0.0088506441704935,0,0.0245284842075964,0.00557834404224125,0.175808573214096,0,0.0143045860299533,0.671643897017561,0,0,0.021045620182836,0,0,0,0,0.60622614512221,0.797336174288166
TCGA-IS-A3K8-01A-11R-A21T-07,0.105525911516992,0,0.00534706904586468,0.0503371612397497,0,0.205927198150687,0.00269326387524429,0.0188560848804296,0.0066980247933945,0,0.0182736478917158,0.0104516664439904,0.01897378366722,0.170700300329796,0.0196376534824417,0.27591729456313,0,0,0.0906609401193441,0,0,0,0,0.535748138163147,0.852568095381313
TCGA-DX-A6YV-01A-12R-A355-07,0.0412797537664364,0,0,0.000193542703466575,0,0.173074771324331,0.0152261383531831,0,0.0227811264056062,0,0.0559339520199059,0,0.025769228923455,0.176495321370195,0.029341332857738,0.424908194238972,0,0.00459577478343295,0.0304008632532782,0,0,0,0,0.452068709359488,0.891783622062197
TCGA-DX-AB37-01A-11R-A41I-07,0.0954949247664583,0,0.0153564557755818,0.10577988665335,0,0.192044099153297,0.00616137214780156,0.0120296679020919,0.0219032730313159,0,0,0.0420200320564601,0.0968061308445515,0,0.0191116503366793,0.348607326324262,0.00033627897672213,0.00139549906217096,0.0409987308803669,0,0,0.00195467208889076,0.01,0.285197499209144,0.966081357655893
TCGA-HS-A5N8-01A-11R-A26T-07,0.0633378628390763,0,0.00118030238102912,0.0473830774195586,0,0.21762469508046,0.0457019820528073,0.00761998313666322,0,0,0.052432555484143,0,0.0461730662911438,0.0222371541911971,0.00379518152854502,0.432576993501482,0,0.0309919846550127,0.0226317448947181,0,0,0.00631341654416448,0,0.55466419515403,0.84232216010701
TCGA-DX-A8BQ-01A-11R-A37L-07,0.0158340644077035,0,0,0.237682805729921,0,0.105045857383294,0.00942988499984882,0.0243427966398552,0.0221347376752561,0.0280746634540149,0,0.0155798061691902,0.0569122658513522,0,0.051207156850587,0.39561892735984,0,0,0.0381370334791372,0,0,0,0,0.797429305746524,0.69847112562208
TCGA-DX-A6BE-01A-41R-A32Q-07,0.0775706629430365,0,0,0.102034589618334,0,0.207889983890788,0.0124471929325992,0,0.00373949382933798,0,0.0445732281875911,0,0.0564955925783646,0.042201220856294,0.0575325142437291,0.353361839891952,0,0,0.0421536810279741,0,0,0,0,0.745549906414067,0.7439156303991
TCGA-DX-A3UB-01A-11R-A30C-07,0.0809321434172637,0,0.00570691491967738,0.0179216043792055,0,0.211167788338133,0,0,0.031522411116222,0,0.0501273306182114,0.00688491059042052,0.0804243165225882,0,0.0169919230054004,0.387216972841168,0,0,0.11110368425171,0,0,0,0,0.364397298021123,0.9314641262091
TCGA-HS-A5NA-01A-11R-A26T-07,0.0485830851028303,0,0,0.0490439295814753,0,0.233148932327654,0.0152716357163537,0.0283352381530241,0.0141479889622948,0,0.0160794148849614,0.0100559022665212,0.0946896028540177,0.16703221029971,0.0535426474172316,0.198879338362524,0.00231911527176293,0,0.0532539815283431,0,0.0156169772712957,0,0,0.489455878305974,0.875294301415111
TCGA-3B-A9HV-01A-11R-A39D-07,0.137614431192572,0,0.0113404081013427,0.022784614340995,0,0.23815811873424,0.00416672499118939,0.00152599313401952,0.00652978266063348,0,0.0718872374855114,0,0.0465851084555904,0.0869166924178124,0.00544906023962637,0.242723033420154,0,0.0198940872172014,0.0839372042483118,0.0204875033608004,0,0,0.03,0.211580152406247,0.993249825888752
TCGA-SI-AA8C-01A-11R-A38C-07,0.0698507740670495,0,0,0.0459109944772742,0,0.297525829436004,0.00716303727639538,0,0.0155662226201201,0,0.0315434085612836,0,0.0375266788241187,0.176633246244164,0.0297296756272433,0.233300736236286,0,0.0155945977455039,0.0396547988845583,0,0,0,0,0.522760454862546,0.857587591643769
TCGA-DX-A3LT-01A-12R-A21T-07,0.0302021117584041,0,0,0.0667446785738735,0,0.208885718694794,0.0244559400019763,0,0.0191163890668208,0,0.00427555995328709,0,0.0299279822931049,0.0909988047709137,0.0153968916536562,0.32036933467981,0,0,0.18802766986672,0,0,0.00159891868663965,0,0.510909755561236,0.865400801271811
TCGA-IF-A3RQ-01A-11R-A22K-07,0.0204301615087515,0,0,0,0,0.128142324292234,0,0,0.00132677250134225,0.0106379934865612,0.042443495804989,0.0100698419155477,0.0872194536065888,0,0.0241768043414038,0.649450640362695,0,0,0.026102512179887,0,0,0,0,0.556966369352726,0.831580256954272
TCGA-X6-A7WD-01A-21R-A355-07,0.0152329938318167,0.00637167633758508,0,0.0239387091150793,0,0.165597243704825,0,0,0,0,0.0397869143258065,0,0.0107669489321535,0.154984381463398,0.0121723430195567,0.40289384832208,0.000130651521772302,0.00617508364072708,0.156121735148443,0.0058274706367561,0,0,0,0.631650482416064,0.796354347670622
TCGA-DX-A6Z2-01A-12R-A36F-07,0.0397597027352478,0,0.00309315672133829,0.0944160247784607,0,0.324470973833416,0,0,0,0,0.00822119929732571,0.0102768376156293,0.112425407019442,0.0138192676436695,0.0368021702635053,0.223713623555926,0.0111725134511544,0.0147076782622655,0.107121444822619,0,0,0,0,0.751550008085517,0.744244858520501
TCGA-IW-A3M5-01A-22R-A21T-07,0.0943689124990746,0,0,0.0189256534535888,0,0.107856115018514,0.00222768109259757,0.0060619231943807,0.0148020343857123,0,0.0129276847350043,0.00507409974567293,0.03038884961949,0.314139035330197,0.00774517979981898,0.34373533943333,0,0,0.0417474916926186,0,0,0,0,0.696934110388788,0.742467183064026
TCGA-X6-A8C2-01A-11R-A36F-07,0.0145598392622391,0.00411668559024137,0,0.0144360098543309,0,0.112437895741645,0.0326816115586507,0,0,0,0.0280544985652882,0,0.022058821630575,0.32428156638948,0.0112433983074163,0.384920626982731,0,0.00455209659918567,0.0466569495182171,0,0,0,0,0.718391188753118,0.721697361904779
TCGA-FX-A48G-01A-11R-A24X-07,0.0549324278121418,0,0.00271517459298969,0.131377154497737,0,0.132519506907067,0.00362038810027552,0.0264242481375792,0.0623898019402149,0,0,0.0767539987928187,0.0427038131710504,0.00797803948538946,0.0159933314343695,0.33777025280912,0,0.00011875927133935,0.104703103047907,0,0,0,0,0.457502695345746,0.889345498023625
TCGA-DX-A3UC-01A-11R-A30C-07,0.105649760466022,0,0.0120058025384883,0.0293367753942999,0,0.249598100333813,0,0.0185474386276285,0.0171569244289812,0,0.0318821503110284,0.0135962108999427,0.0841532168469152,0.0327938254760436,0.018161972456976,0.279887978645934,0.00616697625360935,0.00729084946157215,0.0937720178587456,0,0,0,0,0.570930719577338,0.840309180094923
TCGA-DX-A48K-01A-11R-A30C-07,0.0859006292994935,0,0,0.006157769016387,0,0.146031336085136,0,0.0224922201607974,0.00552232541047482,0,0.0396273963949328,0.00557579900073832,0.038613715682465,0.0280427269714562,0.0255245352167999,0.501561328920928,0,0.00260568139188203,0.0923445364485091,0,0,0,0,0.633234248034408,0.798307063723915
TCGA-Z4-A8JB-01A-23R-A37L-07,0.120218091804047,0,0.00422600860469149,0.0335400507703991,0,0.217148649906397,0.00672223071383915,0,0,0,0.00885928976483689,0.00825486338499182,0.0135991090989465,0.0617997949524356,0.0371386346689524,0.260079973664866,0.00345700574935487,0,0.224956296916242,0,0,0,0,0.54804705150918,0.849370799922856
TCGA-X6-A8C5-01A-11R-A36F-07,0.0863224220683778,0,0.00455097955848586,0.0845562592665099,0,0.247709518619544,0,0,0,0,0.024781711784365,0.0243890978509187,0.13937877869108,0,0.0296277205274412,0.262001038738025,0,0,0.0966824728952518,0,0,0,0,0.669105766836563,0.791198667530087
TCGA-HB-A3YV-01A-11R-A24X-07,0.133690412626766,0,0,0.0726527069074705,0,0.202292900494544,0.0075949731330627,0.0396058989638172,0.0279821220602593,0,0.0527112896763219,0,0.0856673016579911,0.0534828347119162,0.0287286626171773,0.277177430193039,0,0.01082281532791,0.00491885975364418,0,0.00267179187608137,0,0,0.330326114635014,0.946701847828632
TCGA-QQ-A5V2-01A-11R-A32Q-07,0.0579847352527829,0,0.000826508174087396,0.047309275889766,0,0.115530451245755,0.000962268346282077,0.0129131059062354,0.0121147122381605,0,0.0319265399960404,0.00197349335811432,0.0781990397816264,0.206259478914645,0.000825128017137398,0.406198458545782,0,0,0.0269768043335858,0,0,0,0,0.596460558009884,0.811401205987391
TCGA-K1-A6RU-01A-11R-A32Q-07,0.0660133529693004,0,0.00328282212502174,0.0471628091575129,0,0.135905482055391,0,0.00398045659821393,0.0113672305436129,0,0.0194873348833422,0.0200477677390186,0.0817200757506082,0,0.0391444227907347,0.482261759511403,0,0,0.0896264858758407,0,0,0,0,0.660699024411093,0.785168805305291
TCGA-DX-AB2G-01A-11R-A39D-07,0.0540453032472441,0,0.00223271474143305,0.043922252457928,0,0.167861169623548,0.00165094578726411,0,0.0213074203656998,0,0.0168267745383127,0.00393322973401196,0.103877406113534,0,0.0475262695244096,0.496116947309948,0,0,0.0342957989281793,0,0,0.00640376762848681,0,0.646267393109584,0.788807876764397
TCGA-X9-A973-01A-11R-A38C-07,0.0938923867001659,0,0,0.0267389946037125,0,0.168199844662796,0.00133413706247816,0,0,0,0.0118245497383266,0.00501923901660311,0.20290177962852,0.0432955769167345,0.0119611871884883,0.401712843678099,0,0,0.0267933413866307,0,0.002505032137904,0.00382108727954045,0,0.530297119935854,0.852232040134833
TCGA-DX-A48P-01A-11R-A30C-07,0.0491684420054331,0,0.0048253427400642,0.0659835273623546,0,0.202078089371502,0.00485073795383779,0.00717051818144799,0,0,0.0140925236418861,0.015215590460921,0.054949966507008,0,0.0546108030693374,0.33198691441589,0.00318336100114819,0,0.191884183289169,0,0,0,0,0.520449257873997,0.862139934477497
TCGA-DX-A8BH-01A-11R-A37L-07,0.0400047266493065,0,0.00593120385189726,0.197337483262207,0,0.173061564277833,0.0191026342964986,0.0124071497624773,0.027864377300402,0,0,0.0287363989242498,0.0719439894754336,0.00114121294672495,0.0576436271527996,0.306148612483635,4.7532304453059e-05,0.00742326429337182,0.0512062230187108,0,0,0,0,0.600735325122478,0.818256500719924
TCGA-DX-A8BU-01A-11R-A37L-07,0.142561938068177,0,0.0113720414503614,0.0750496329445168,0,0.217768054958008,0.0264437618758467,0.0184703489884596,0,0,0.0622384427058432,0,0.0161367465637981,0.119183307117694,0.0199639483503609,0.255044288708606,0,0.0106758618103396,0.025091626457989,0,0,0,0,0.473139883615579,0.882298467689435
TCGA-SI-A71P-01A-12R-A33J-07,0.0978246717171399,0,0,0.0397699970164084,0,0.146450071160354,0.00800615018356868,0,0,0,0.031560718808704,0,0.22536064676661,0,0.0337870424931485,0.402470556943917,0,0.00373960607860584,0.00917638832762066,0,0.00185415050392327,0,0,0.625954397461301,0.80168126909189
TCGA-DX-A23R-01A-11R-A26T-07,0.160523564040761,0,0.00454760773896429,0.032003279892306,0,0.184519924262485,0.0313397989301638,0.0212974640203551,0.00393132924598024,0,0.0237786534595697,0.00528457422660245,0.0401957763942641,0.0554445523212602,0.047497270703543,0.302771147313717,0,0.00743236094770327,0.0794326965023247,0,0,0,0,0.334691122163099,0.943456626801525
TCGA-DX-A1KZ-01A-11R-A24X-07,0.0228732919603706,0,0,0.0459670656797772,0,0.182851892266025,0.000895453416611739,0,4.39669544455285e-05,0,0.0382284929935769,0,0.0686715542410802,0,0.00736182288887514,0.547221490874044,0,0,0.0858849687251941,0,0,0,0,0.637692286763953,0.791244980375693
TCGA-FX-A3TO-01A-11R-A22K-07,0.038407981001855,0,0.0104117876983772,0.0292112231485803,0,0.175191618016967,0.00591778713850141,0.00419247086341087,0.00572467151402816,0,0.0377990943256063,0.00504441546146603,0.0487758124019551,0.0251187229299288,0.0160431427621849,0.512637325933308,0,0.0537971281793387,0.0247789573874883,0,0,0.00694786123700359,0,0.530803831545103,0.851132510710203
TCGA-SG-A849-01A-11R-A355-07,0.0467899720203758,0,0.0048517810795134,0.187052645463919,0,0.16156868680707,0.0113201892880856,0.051508102183001,0.0409750824741006,0,0.00123413700980515,0.0162337208621386,0.0703692522264446,0,0.089757992366096,0.284355286155142,0.0121899249669287,0,0.0217932270973801,0,0,0,0,0.728005246538867,0.744929891630223
TCGA-3B-A9HL-01A-11R-A38C-07,0.024539917812176,0,0,0.0150424671706987,0,0.241942201167228,0,0,0,0,0.056463068241366,0,0.0368236062441556,0,0.0157641419316129,0.541334654096306,0,0.0260119144888811,0.000382572250223706,0,0.0411110108332014,0.00058444576415079,0,0.542589637941015,0.843566525341673
TCGA-SG-A6Z4-01A-22R-A33J-07,0.0250971069734486,0.00439452570682082,0,0,0,0.144106633422881,0.0161848043482531,0.010307632855154,0.0080713537531462,0,0.060780728557904,0,0.0104482408535731,0.207470425686615,0.0229388419502866,0.434158878781197,0,0.000300560105597803,0.0539658507016082,0,0,0.00177441630351458,0,0.665418680516274,0.769106078477807
TCGA-DX-A7EU-01A-22R-A36F-07,0.044534428742431,0,0.00308148911491461,0.0612401885933146,0,0.136928028726824,0.00106860040906462,0.00261269079293775,0.00582318326368349,0,0.0265203664298759,0,0.0869388843806205,0,0.0500105036172752,0.530216632547735,0,0.00363095642721698,0.0473940469541057,0,0,0,0,0.670305296806022,0.772828309102585
TCGA-HB-A3L4-01A-11R-A21T-07,0.0469834501024224,0,0.00394331343484627,0.0112960627758459,0,0.13430843214381,0.0074409831922634,0.0112455486074189,0.0147971401174124,0,0.0637805421500357,0,0.0262864478252921,0.207876087054311,0.0138653126523668,0.427163398898722,0,0,0.0310132810452535,0,0,0,0,0.67064561171459,0.766048340085077
TCGA-IE-A4EJ-01A-11R-A24X-07,0.110132538766751,0,0.00938580102378396,0.0721426038588042,0,0.219020737563997,0.0365084402713942,0.00571282137277114,0.0220840035385844,0,0.0535613379024967,0,0.0483343378019845,0,0.0717987054973593,0.319421857035278,0,0.00256810073314677,0.0293287146336489,0,0,0,0,0.390782445702664,0.919812410260696
TCGA-QQ-A5VD-01A-21R-A32Q-07,0.0340730271980791,0.0155251529864767,0,0.0436257046512846,0,0.138641162694319,0.00244988906721463,0.00639607671157791,0.0393915767363241,0,0,0.0352892355957637,0.0466396418752765,0.284876511189183,0.0299938776538956,0.199609370297686,0.0147935452699321,0,0.108695228072987,0,0,0,0,0.840177980847768,0.673004595236085
TCGA-DX-A8BJ-01A-11R-A41I-07,0.0195616429060691,0.00921301479196189,0,0.0171652473096845,0,0.219819526472599,0.0339093459456747,0.00587706390250494,0.00439505325470806,0,0.0361361959101801,0,0,0.293844848446096,0.019071492701022,0.322577295941684,0,0.00311059866888212,0.015318673748934,0,0,0,0,0.724957230815663,0.727902808784333
TCGA-DX-A8BL-01A-11R-A41I-07,0.0852182850361217,0,0.0480642173719735,0.114102636549779,0,0.236912122064965,0,0.0306290089680974,0.0618457894708331,0,0.0094756395108446,0.0259162172207045,0.0449949354278776,0.0361552375407285,0.0768836878941229,0.193357852049129,0,0,0.0364443708948226,0,0,0,0.01,0.259054806909593,0.979449437195388
TCGA-DX-A1KY-01A-11R-A24X-07,0.207120303496547,0,0,0,0,0.169682195307185,0.0140170010294876,0.012523695241108,0,0,0.0564583423382352,0.000202580770943098,0.0667488000454572,0,0.0136751715859842,0.387896384728495,0,0.0183220132116811,0.0484398843067276,0,0,0.00491362793814866,0.02,0.239077220475677,0.986094593314434
TCGA-KD-A5QU-01A-11R-A27Q-07,0.0323689246585287,0,0.00152514984349694,0.0914098269412156,0,0.211030325145294,0.00802541880114455,0.0108242104658737,0.00429596560374323,0,0.0187312150206017,0.00236574050531727,0.00982452494498646,0.179026987491766,0.051003334338173,0.289005522707246,0.000820541418934059,0,0.089215990437077,0,0.000526321676601404,0,0,0.599097670591305,0.817987191596797
TCGA-PC-A5DK-01A-11R-A27Q-07,0.135085396023879,0,0.00714379185160713,0.11833268938966,0,0.292252036775091,0,0.00370391351369062,0.0115171308334289,0,0,0.0390020098129783,0.0570290529749231,0.00518637295625081,0.0366856719524772,0.111496456511433,0.00219932139445611,0,0.180366156010125,0,0,0,0,0.608256908666916,0.813379152917276
TCGA-DX-A1KX-01A-22R-A24X-07,0.127678040036962,0,0.00115008235924125,0.0286630892483212,0,0.219146044096328,0.00239644053943563,0,0.00978449320233673,0,0.0291211071224782,0.00528729646290105,0.0370684280916928,0.101720567319058,0.0482723913757969,0.339302778623553,0,0.00360505423336125,0.045095507843211,0,0,0.00170867944532205,0,0.662665950927721,0.788175672631496
TCGA-MJ-A68H-01A-11R-A30C-07,0.0488851918480455,0,0,0,0,0.287072499921292,0.017699955322033,0.00773365232295556,0.0157716625962645,0,0.0531565734816392,0,0.0516221049651433,0.00551941789086174,0.0464099991905622,0.381323629181362,0.0164903684980573,0.0101121671456732,0.0582027776361106,0,0,0,0,0.411009104311377,0.911081402593872
TCGA-PC-A5DN-01A-12R-A27Q-07,0.10121502382956,0,0,0.0189051359595886,0,0.263689358841383,0.00287837436633846,0,0,0,0.033602754568037,0,0.0492762547911746,0.184150505334251,0.0352895126668364,0.285166299841658,0,0,0,0.0251795576758905,0.000647222125281863,0,0,0.396428185662276,0.918399597373977
TCGA-DX-AB3B-01A-11R-A41I-07,0.166195416996681,0,0.0375237341202736,0.0396085976127552,0,0.260600538184961,0,0.028013437171742,0.0060435857025476,0,0,0.0307906097946397,0,0.158594966479186,0.0125306170081102,0.142590452549338,0,0,0.117508044379766,0,0,0,0,0.345194089232498,0.940746990256332
TCGA-DX-A1L4-01A-12R-A26T-07,0.0282659827467424,0,0,0.00888127030471965,0,0.138973146715439,0.000759373303064888,0,0.00581967657929978,0,0.00507588293140398,0.00568317711595697,0.251985571961197,0.139174904853653,0.00515590879742871,0.330971802138616,0,0.0147915521139044,0.00786112170297716,0.031261326541029,0,0.0253393021945678,0,0.62170369167801,0.796904132811706
TCGA-DX-AB32-01A-11R-A41I-07,0.0859919590913717,0.00497473214919617,0,0.110959027066951,0,0.136012373141761,0.000807175538568015,0.036360312321825,0.0665661937045752,0,0.00532126865145707,0.0152396098947291,0.0456827901321216,0.065927622831538,0.0760357953603473,0.344102899352173,0,0,0.00354186259321062,0.00247637817017502,0,0,0,0.824310685066884,0.688699437158263
TCGA-QQ-A5VB-01A-11R-A36F-07,0.0221493919704649,0,8.17562566897859e-05,0.157083564585576,0,0.128152605033243,0,0.0577004099602493,0.0373312393609255,0,0,0.0523994821038813,0.0347107479053914,0.00219543577205183,0.0581778085351471,0.432722105431147,0,0,0,0.0168758914505835,0,0.000419561634649617,0,0.758698370985025,0.718445428265262
TCGA-UE-A6QU-01A-12R-A32Q-07,0.0688343852115692,0,0.001167686163347,0.204762294277075,0,0.240143431070511,0,0.0125981012748708,0.0186202295603837,0,0.0446955229081106,0.0117416871927963,0.0279218551595584,0.0867856216891287,0.073580914231505,0.209148271261145,0,0,0,0,0,0,0,0.723247417982021,0.738128209994166
TCGA-HB-A2OT-01A-11R-A21T-07,0.00872195345650032,0.00755036628855785,0,0,0,0.105699904622416,0.0683409664041862,0,0,0,0.0389852446999445,0,0.00267944210485423,0.561335140543919,0.00274391532827273,0.182848905706001,0,0,0,0.0194802469261749,0,0.00161391391917262,0,0.797924995227652,0.630713268636817
TCGA-DX-A3LW-01A-21R-A21T-07,0.218212949858714,0,0.00398514866083881,0.0049968753959566,0,0.0735248845783798,0,0.00269425197113775,0.0186728606120062,0,0.0137918894320102,0.0162902638103627,0.0327513234410286,0,0.0375435470883867,0.457467288919218,0,0,0.117641153114684,0,0,0.0024275631172768,0,0.533145165072193,0.850412219971059
TCGA-MJ-A850-01A-11R-A355-07,0.0483603529390672,0.0271952334004606,0,0.00480290806770494,0,0.234806576850206,0,0,0,0,0,0.0620027534755066,0.0597815691370661,0.156262528196851,0.0146201692592596,0.236968871782305,0,0.0263934978070394,0,0.112305988795109,0.00350654573568181,0.0129930045537432,0,0.350878121469577,0.939255550197727
TCGA-DX-AB2T-01A-11R-A38C-07,0.0257178100877419,0,0,0.159128129894693,0,0.164990805341596,0,0.0286606638173574,0.0313210557591996,0,0.0154253130059819,0.0227928317688121,0.0774072254293394,0,0.0628433813115572,0.330870849705494,0.00344135617332159,0.0114646020333388,0.0659359756715676,0,0,0,0,0.791086117820406,0.715254388380974
TCGA-K1-A6RV-01A-11R-A32Q-07,0.0225691208720587,0,0.00208890759505555,0.014764518831075,0,0.117701902812801,0.00324826681625567,0,0,0,0.0118152737743618,0.00149547395631394,0,0.290448835345621,0.00485276989961045,0.518615934491872,0,0,0,0.0123989956049749,0,0,0,0.789710181162458,0.650348026390756
TCGA-UE-A6QT-01A-12R-A32Q-07,0.0974518412262625,0,0,0.149893555633388,0,0.23083292994491,0.0184604423065225,0.0211237303890742,0.0265155971761157,0,0.0350451077611998,0,0.0463887523596627,0.0762375949410719,0.0840690112304387,0.173245822841244,0,0,0.0407356141901097,0,0,0,0,0.505698356406429,0.865466904116306
TCGA-3B-A9HJ-01A-11R-A38C-07,0.278013820087467,0.0997948196605465,0.058806506809065,0.0640708024634979,0,0.156875610246672,0.0202564094885033,0.00333547903242471,0.0324681496009646,0,0.0115213807675955,0.000565490356619671,0.00611232067323492,0.0604955353234027,0.0155160479675747,0.13156463021064,0,3.31336834022093e-05,0.0570135829895684,0,0,0.00355628063882019,0,0.696778670371404,0.742320723401341
TCGA-DX-A1L0-01A-11R-A24X-07,0.0956464799607551,0,0.002807447164535,0.0188193013831705,0,0.154504924332224,0,0.0121003567640052,0.0263752964220429,0,0.0518566562052212,0.0209464747639535,0.0717454145122142,0,0.0852073704467485,0.435816116097132,0,0.000226732468432125,0.023947429479566,0,0,0,0,0.512647487769133,0.861789449077794
TCGA-K1-A3PN-02A-11R-A22K-07,0.0239467780540006,0.0196285037716077,0,0.0185768237431496,0,0.263318843301528,0,0,0,0,0.0372880178983213,0.000863000428411194,0.0405618895318458,0.0232940851562827,0.0192094133975848,0.395256932717461,0.0138245322323014,0.0287042619893089,0.115526917778197,0,0,0,0,0.498023670852529,0.871629835650326
TCGA-DX-A7EO-01A-11R-A36F-07,0.109869741947086,0,0,0.0883534289298329,0,0.222282810145399,0,0.0208700249605408,0.0201298463351044,0,0.0460806815374592,0.0355517182824273,0.0491795150794568,0.206623460943652,0.0121520647329808,0.148266808889255,0,0,0.0406398982168066,0,0,0,0.16,0.105859899067477,1.0453838604677
TCGA-DX-A8BK-01A-11R-A37L-07,0.00995225787319629,0.0137274594787788,0,0.108284176692995,0,0.110717367783621,0.0252488157009955,0.00256401874115116,0.0314948404042142,0,0,0.0235998832325044,0.0685777155581644,0.0219953992953291,0.0279714139056473,0.470142574775276,0,0,0.0843877850237752,0,0,0.00133629153435178,0,0.739752798511739,0.739633073962067
TCGA-DX-AB2X-01A-11R-A38C-07,0.0177418666965268,0,0,0.031399154264527,0,0.136607746021896,0.00488568442611589,0,0.021132210303227,0,0.0145688841218674,0.00559595614017835,0.0902627666456612,0.253539874621057,0.00728806938829667,0.393167659351939,0,0.00155821676651206,0.0222519112521949,0,0,0,0,0.733030464795337,0.718375892993189
TCGA-QQ-A8VG-01A-11R-A37L-07,0.0520023968162941,0,0,0.0863566000741861,0,0.12020971198899,0.00518813333130924,0.0110199747181924,0.0178872817564849,0,0.0218814964667568,0,0.151691900522822,0.0934946649016943,0.0158048180576786,0.369048725384371,0,0.0291759772563968,0.0262383187248242,0,0,0,0,0.751463727458714,0.733839861407261
